0_channel,1_channel,2_channel,3_channel,4_channel,5_channel,6_channel,7_channel,8_channel,9_channel,10_channel,11_channel,12_channel,13_channel,14_channel,15_channel,16_channel,17_channel,18_channel,19_channel,20_channel,21_channel,22_channel,23_channel,24_channel,25_channel
0.07491600503853509,0.3911649211770582,0.06659905782123322,0.01165094406590764,0.13781946745580834,0.0,0.0,0.4782903020410672,0.04736853411421153,0.0,0.0,0.009278973996918351,0.0,0.0,0.0,0.0,0.0,0.0,0.9802118950376418,0.0,2.346658125952621,0.0,0.0,0.0,0.0,0.0
0.05401673647567623,0.28551256176856205,0.035400852339705545,0.008211566854843439,0.1015611458410903,0.0,0.0,0.322979215287863,0.03268550260781308,0.0,0.0,0.0050385754211060094,0.0,0.0,0.0,0.0,0.0,0.0,0.7297771435136401,0.0,1.7701301551717035,0.0,0.0,0.0,0.0,0.0
0.05959394070188031,0.30612416423674704,0.06507474084174207,0.006859243922276132,0.09453128448015517,0.0,0.0,0.23566128402257558,0.025165791179327907,0.0,0.0,0.0015497361309142735,0.0,0.0,0.0,0.0,0.0,0.0,0.8377232570600509,0.0,1.8709415765908377,0.0,0.0,0.0,0.0,0.0
0.06828690369375048,0.35289354369722015,0.06775108490134958,0.008470347011886249,0.11356404312758182,0.0,0.0,0.31453016259535105,0.032197642069778924,0.0,0.0,0.003357752035922453,0.0,0.0,0.0,0.0,0.0,0.0,0.9475941325481102,0.0,2.1626887627771008,0.0,0.0,0.0,0.0,0.0
0.07552055899781328,0.3944201527507635,0.06700134001409444,0.011809590883642335,0.13990376573598243,0.0,0.0,0.48583654993465947,0.04839727113364038,0.0,0.0,0.008779683397845957,0.0,0.0,0.0,0.0,0.0,0.0,0.9805134649898352,0.0,2.3603791932739857,0.0,0.0,0.0,0.0,0.0
0.06285200079224575,0.3269436865923318,0.0508035073952593,0.00869648334102166,0.11279550186247028,0.0,0.0,0.33073686339002895,0.033419110048968574,0.0,0.0,0.004737369725178092,0.0,0.0,0.0,0.0,0.0,0.0,0.8625153572466951,0.0,2.0275833598961275,0.0,0.0,0.0,0.0,0.0
0.05903347370906518,0.30274382952636003,0.07078411530025294,0.005372311483682076,0.08584824926841012,0.0,0.0,0.15370745689322582,0.017970062196734853,0.0,0.0,0.00045784352448244753,0.0,0.0,0.0,0.0,0.0,0.0,0.8563781779866111,0.0,1.8461159367854079,0.0,0.0,0.0,0.0,0.0
0.06647878917989075,0.3450096740260752,0.0638247834032607,0.008607847461882985,0.11379349875664663,0.0,0.0,0.3214085855533239,0.032789490413282996,0.0,0.0,0.004019306571427186,0.0,0.0,0.0,0.0,0.0,0.0,0.9130782215419874,0.0,2.119517757291711,0.0,0.0,0.0,0.0,0.0
0.05111197062669504,0.262460694817102,0.057607102154538424,0.004820289979876493,0.07661979178742612,0.0,0.0,0.13188221785234033,0.01607819440280802,0.0,0.0,0.00011049918440813763,0.0,0.0,0.0,0.0,0.0,0.0,0.7490814380451961,0.0,1.6172963596323127,0.0,0.0,0.0,0.0,0.0
0.0910021742193437,0.4674091417243205,0.09411360761663028,0.009129261992452413,0.14114223062004233,0.0,0.0,0.27702692693254855,0.030919778716215717,0.0,0.0,0.0004551463259807106,0.0,0.0,0.0,0.0,0.0,0.0,1.3232874131825663,0.0,2.9059687195221486,0.0,0.0,0.0,0.0,0.0
0.0765119533196141,0.39578531320996163,0.08064474894153499,0.009102848245465254,0.12720743984135696,0.0,0.0,0.3225153740804854,0.0335996276714548,0.0,0.0,0.0015364308598746093,0.0,0.0,0.0,0.0,0.0,0.0,1.0798142026968376,0.0,2.4273787588070066,0.0,0.0,0.0,0.0,0.0
0.053858832441107896,0.28025197345041786,0.04575354681708216,0.006172606768927424,0.08774744734727082,0.0,0.0,0.20069045493599916,0.022190661511743922,0.0,0.0,0.0005138949640212126,0.0,0.0,0.0,0.0,0.0,0.0,0.7805095429399995,0.0,1.758971681007639,0.0,0.0,0.0,0.0,0.0
0.08480002903655544,0.4397062469664977,0.07456296878694571,0.010879001105111386,0.1454163079756497,0.0,0.0,0.3982220138013434,0.040978744837989425,0.0,0.0,0.003901919386941876,0.0,0.0,0.0,0.0,0.0,0.0,1.1964464875422587,0.0,2.7334957792380488,0.0,0.0,0.0,0.0,0.0
0.07093188335936094,0.3674996559605908,0.06012552469397372,0.008415990874081234,0.11780316483241929,0.0,0.0,0.28682728230211557,0.030719892379591156,0.0,0.0,0.002003312565743154,0.0,0.0,0.0,0.0,0.0,0.0,1.013481490220696,0.0,2.3141263583980263,0.0,0.0,0.0,0.0,0.0
0.06620956281682497,0.3433341360238108,0.06536196069095986,0.008536355464062794,0.11197410629376861,0.0,0.0,0.3208062047312355,0.03267745027206452,0.0,0.0,0.004580099530050184,0.0,0.0,0.0,0.0,0.0,0.0,0.9069645560125783,0.0,2.0994131476695697,0.0,0.0,0.0,0.0,0.0
0.06048071457914727,0.30935540520956434,0.07936828460965387,0.00580684450826091,0.08802043155556943,0.0,0.0,0.17734014518749325,0.01994404291641432,0.0,0.0,4.506561999571331e-05,0.0,0.0,0.0,0.0,0.0,0.0,0.8706554168025565,0.0,1.8665112011528664,0.0,0.0,0.0,0.0,0.0
0.0629535005936055,0.3266347452403489,0.06655905962538945,0.007524918602189663,0.10304219262243075,0.0,0.0,0.26566905841382515,0.028027206269865993,0.0,0.0,0.0018955862119752842,0.0,0.0,0.0,0.0,0.0,0.0,0.8815235028869165,0.0,1.9905676050053838,0.0,0.0,0.0,0.0,0.0
0.05562650797039992,0.2877278506632851,0.05831912262397869,0.006029341692603174,0.08858249154460524,0.0,0.0,0.1951706951332588,0.02133377028943008,0.0,0.0,0.00032767575419987257,0.0,0.0,0.0,0.0,0.0,0.0,0.8046503252856657,0.0,1.7811839910072749,0.0,0.0,0.0,0.0,0.0
0.06945859810185522,0.35615458528661836,0.0735606317786315,0.0076700844428304145,0.10982624106004849,0.0,0.0,0.25887865469068005,0.027645810435958956,0.0,0.0,0.0007608705417034598,0.0,0.0,0.0,0.0,0.0,0.0,0.9799005158998685,0.0,2.1910403184572025,0.0,0.0,0.0,0.0,0.0
0.07056238057932433,0.363627162151561,0.07633471035240007,0.008682655002386023,0.11391372446544556,0.0,0.0,0.31985220880259635,0.03332735882261746,0.0,0.0,0.0027815596161836014,0.0,0.0,0.0,0.0,0.0,0.0,0.9731448415859159,0.0,2.2011975962281203,0.0,0.0,0.0,0.0,0.0
0.06734010196947811,0.34822020996328107,0.06587060558052713,0.007997041689239336,0.10961786733593734,0.0,0.0,0.2830762439472302,0.02971848248644039,0.0,0.0,0.0018678626825707465,0.0,0.0,0.0,0.0,0.0,0.0,0.9508119601593932,0.0,2.152588307978322,0.0,0.0,0.0,0.0,0.0
0.07065783838316864,0.3605738978749985,0.08625554470636784,0.0067723548444573334,0.10544240167118067,0.0,0.0,0.20680015891436035,0.02335856804223642,0.0,0.0,0.0006670074487838881,0.0,0.0,0.0,0.0,0.0,0.0,1.0213493290219884,0.0,2.198441469934052,0.0,0.0,0.0,0.0,0.0
0.06620979907169976,0.34157014864651575,0.08117413080772655,0.007483603439470026,0.1047169042392356,0.0,0.0,0.2630177083454924,0.027596443046021775,0.0,0.0,0.001594585469892281,0.0,0.0,0.0,0.0,0.0,0.0,0.935327461556101,0.0,2.0592743276025125,0.0,0.0,0.0,0.0,0.0
0.06801828606978377,0.3500312604587342,0.07328027156609011,0.00663495841576028,0.10141124074806639,0.0,0.0,0.19794726959550601,0.022540371830684244,0.0,0.0,0.00023345355391278682,0.0,0.0,0.0,0.0,0.0,0.0,0.9910091722400984,0.0,2.1667232209718983,0.0,0.0,0.0,0.0,0.0
0.04895347320070354,0.25597598166798013,0.041451987575966465,0.0073151436684205685,0.08919790691283719,0.0,0.0,0.29155137587367874,0.02924792486635136,0.0,0.0,0.004716978185517325,0.0,0.0,0.0,0.0,0.0,0.0,0.6550138371039418,0.0,1.5590178299395865,0.0,0.0,0.0,0.0,0.0
0.05196746355448121,0.2732092004809041,0.041426815936543,0.00731664959840515,0.09350701959022263,0.0,0.0,0.2830951547197133,0.028422713265779186,0.0,0.0,0.0032729783454562584,0.0,0.0,0.0,0.0,0.0,0.0,0.7170883583419755,0.0,1.69130503726823,0.0,0.0,0.0,0.0,0.0
0.07341146567043341,0.37783974087794786,0.08577513998067098,0.008198181966753216,0.11581567967668756,0.0,0.0,0.2854855202796047,0.02998958448691973,0.0,0.0,0.002341402730364081,0.0,0.0,0.0,0.0,0.0,0.0,1.0345543951912222,0.0,2.2918188894264646,0.0,0.0,0.0,0.0,0.0
0.07930918471453682,0.408208761710794,0.08874694220497242,0.008110409866604029,0.11858094303296392,0.0,0.0,0.24807772484585905,0.02824606537148542,0.0,0.0,0.0004370059224990135,0.0,0.0,0.0,0.0,0.0,0.0,1.146370064102992,0.0,2.509745280526212,0.0,0.0,0.0,0.0,0.0
0.08654073063370953,0.44273142388546805,0.11147817773072845,0.008500111196043993,0.12880305644386172,0.0,0.0,0.2711194353112094,0.029324972215123007,0.0,0.0,0.0003957382353295806,0.0,0.0,0.0,0.0,0.0,0.0,1.245613859109554,0.0,2.680086474029336,0.0,0.0,0.0,0.0,0.0
0.05962159159817635,0.3093968342557313,0.06748379426754915,0.006545711843100084,0.09443676147127052,0.0,0.0,0.21859900830930637,0.023616482540404063,0.0,0.0,0.0012973155435601186,0.0,0.0,0.0,0.0,0.0,0.0,0.8522452036570933,0.0,1.8888032724068258,0.0,0.0,0.0,0.0,0.0
0.05251958057545506,0.273043371025683,0.050996950618006416,0.005203704026960769,0.08236670237527667,0.0,0.0,0.14937999519515413,0.01744694214124713,0.0,0.0,0.00019440148645771943,0.0,0.0,0.0,0.0,0.0,0.0,0.7781550772285445,0.0,1.7114229280751683,0.0,0.0,0.0,0.0,0.0
0.06045017261273968,0.3166895434044031,0.037905516471148815,0.008034046135421467,0.1086704427372433,0.0,0.0,0.2858075834858862,0.029448456768380562,0.0,0.0,0.001946029684563275,0.0,0.0,0.0,0.0,0.0,0.0,0.8590269167267875,0.0,2.0289679845953663,0.0,0.0,0.0,0.0,0.0
0.08353789589511036,0.42967156553178737,0.09368107691372184,0.009640514231692368,0.1342148320989105,0.0,0.0,0.33887597027713695,0.03571642566874074,0.0,0.0,0.002612988097995237,0.0,0.0,0.0,0.0,0.0,0.0,1.16636296587964,0.0,2.6147997160785876,0.0,0.0,0.0,0.0,0.0
0.07471445615531282,0.3861283873906776,0.07966165275047006,0.008205290574972102,0.1206756977055609,0.0,0.0,0.27286300488643095,0.029354580652848364,0.0,0.0,0.001907563920593774,0.0,0.0,0.0,0.0,0.0,0.0,1.0752519366175297,0.0,2.3778303916598986,0.0,0.0,0.0,0.0,0.0
0.05655758999221855,0.28815028464371867,0.07525387801459239,0.005243522996926991,0.0797280782408418,0.0,0.0,0.15578751375873587,0.017928464216341675,0.0,0.0,0.0003174297209175909,0.0,0.0,0.0,0.0,0.0,0.0,0.8114578717313389,0.0,1.7376045253414545,0.0,0.0,0.0,0.0,0.0
0.06705640302994373,0.34302071789347516,0.0829417026499273,0.005208323291949668,0.09291006191708094,0.0,0.0,0.11592848865332028,0.016077698498878204,0.0,0.0,0.0,0.0,0.0,0.0,0.0,0.0,0.0,1.0027495500379748,0.0,2.1003066970968307,0.0,0.0,0.0,0.0,0.0
0.029882002087502125,0.15632206180325492,0.02714535636917268,0.003961359053752687,0.0517961579989062,0.0,0.0,0.14754766995164023,0.015192248814885708,0.0,0.0,0.001743260462429651,0.0,0.0,0.0,0.0,0.0,0.0,0.41837904591402086,0.0,0.9595551373926556,0.0,0.0,0.0,0.0,0.0
0.06987794495454566,0.3633894920491015,0.06568567030738943,0.008861394364081805,0.11751882438650768,0.0,0.0,0.32739265809882917,0.03355485470115731,0.0,0.0,0.0030592881157593494,0.0,0.0,0.0,0.0,0.0,0.0,0.977928188279056,0.0,2.238516123313571,0.0,0.0,0.0,0.0,0.0
0.06343698288896188,0.32961642909784056,0.06407435853307113,0.0076455333933154205,0.10632633430168414,0.0,0.0,0.27290778553765505,0.028484085471147554,0.0,0.0,0.0021400400227411056,0.0,0.0,0.0,0.0,0.0,0.0,0.8879328971817347,0.0,2.030938166702328,0.0,0.0,0.0,0.0,0.0
0.04784964721545222,0.24867523055801963,0.0429465331992481,0.005712260525080472,0.07976421976857695,0.0,0.0,0.19859269177766972,0.02086283283426018,0.0,0.0,0.000757782204812525,0.0,0.0,0.0,0.0,0.0,0.0,0.679547321388826,0.0,1.547729978046801,0.0,0.0,0.0,0.0,0.0
0.07114394734995892,0.3695752086754089,0.058651499384790015,0.009933801732897244,0.12704847462568064,0.0,0.0,0.37589610384138483,0.03887001477507764,0.0,0.0,0.0055450464584701365,0.0,0.0,0.0,0.0,0.0,0.0,0.9633681365958033,0.0,2.2791578446719325,0.0,0.0,0.0,0.0,0.0
0.0420691865509178,0.2179345589853887,0.041947195005169836,0.004602355651765581,0.06844869728614258,0.0,0.0,0.14819377118824442,0.01622257112111542,0.0,0.0,0.0004695525319177698,0.0,0.0,0.0,0.0,0.0,0.0,0.6047048898826667,0.0,1.352852695187214,0.0,0.0,0.0,0.0,0.0
0.07592072799904907,0.39211257257866544,0.06560156687817406,0.009046108879209718,0.1260523416221549,0.0,0.0,0.31109358775208107,0.03315039673238078,0.0,0.0,0.002216329581503935,0.0,0.0,0.0,0.0,0.0,0.0,1.0754105798581706,0.0,2.454980224141358,0.0,0.0,0.0,0.0,0.0
0.05220012134797332,0.2658976613757907,0.07419879677794514,0.003474852608409189,0.06596869007476805,0.0,0.0,0.06572685827664433,0.009834101972693209,0.0,0.0,0.0,0.0,0.0,0.0,0.0,0.0,0.0,0.7862211226224347,0.0,1.5933892065341977,0.0,0.0,0.0,0.0,0.0
0.04678771519933174,0.24350290047222575,0.04181360869391869,0.005999738131855291,0.08055197507128813,0.0,0.0,0.21808896763569038,0.022595419649939864,0.0,0.0,0.0025088397849025905,0.0,0.0,0.0,0.0,0.0,0.0,0.65173934276997,0.0,1.5001899014052402,0.0,0.0,0.0,0.0,0.0
0.07009917339132635,0.362563850323108,0.06813092086835565,0.008874460923259227,0.11783624392203305,0.0,0.0,0.32023664592772455,0.03327733412635299,0.0,0.0,0.004315396354474677,0.0,0.0,0.0,0.0,0.0,0.0,0.9694217971714116,0.0,2.240132146524472,0.0,0.0,0.0,0.0,0.0
0.05829915490475374,0.30236816707743114,0.0541527777717086,0.00673076156542435,0.09487326267575062,0.0,0.0,0.22616961118241843,0.024352906525645618,0.0,0.0,0.0006659993875383091,0.0,0.0,0.0,0.0,0.0,0.0,0.8357351863896358,0.0,1.879906956209433,0.0,0.0,0.0,0.0,0.0
0.03862800520473533,0.20117878165807623,0.03239133730814466,0.005750385477394507,0.0705342818136522,0.0,0.0,0.23202502627189744,0.022964737815878017,0.0,0.0,0.00401585524281918,0.0,0.0,0.0,0.0,0.0,0.0,0.512764463534793,0.0,1.2230145032372726,0.0,0.0,0.0,0.0,0.0
0.04762472487086192,0.2473890966965324,0.04167108625888506,0.0059656052293506475,0.08260082629804515,0.0,0.0,0.21377487011287866,0.02243778046143531,0.0,0.0,0.0015894751171387834,0.0,0.0,0.0,0.0,0.0,0.0,0.6650547113209521,0.0,1.5279131995026758,0.0,0.0,0.0,0.0,0.0
0.11820963823532456,0.6142014905843156,0.11272496156681479,0.01367928944044131,0.19455045772948154,0.0,0.0,0.46330812653570946,0.04949653954761741,0.0,0.0,0.002588242029653046,0.0,0.0,0.0,0.0,0.0,0.0,1.699141315930839,0.0,3.8012320542570155,0.0,0.0,0.0,0.0,0.0
0.0528267454230785,0.2737088839758728,0.0526095451168897,0.005170084828773213,0.08258700466032788,0.0,0.0,0.14907605012611888,0.01745781047044789,0.0,0.0,0.0001525668859832634,0.0,0.0,0.0,0.0,0.0,0.0,0.774998889871643,0.0,1.7104197392792435,0.0,0.0,0.0,0.0,0.0
0.046228097366842635,0.24040138629201485,0.034494427749733665,0.005890463791811673,0.08110918774743435,0.0,0.0,0.20573654142799555,0.022071961133941276,0.0,0.0,0.001723696242267589,0.0,0.0,0.0,0.0,0.0,0.0,0.6558739620510613,0.0,1.530181673041343,0.0,0.0,0.0,0.0,0.0
0.08299110400989829,0.42783496428281864,0.10404652892809946,0.008581562467920906,0.12430546308107433,0.0,0.0,0.27449641023671967,0.03048181791394168,0.0,0.0,0.0011291853203793183,0.0,0.0,0.0,0.0,0.0,0.0,1.1917544885922482,0.0,2.5881113655250303,0.0,0.0,0.0,0.0,0.0
0.06189616803592528,0.3198585549675183,0.0611657025643745,0.007127311453618899,0.10098887861956223,0.0,0.0,0.24034616038767373,0.02598945492289126,0.0,0.0,0.0006453582707578979,0.0,0.0,0.0,0.0,0.0,0.0,0.8749996132835997,0.0,1.9766707093978728,0.0,0.0,0.0,0.0,0.0
0.055346004418259494,0.28535991854411,0.05663459878178824,0.00460573441527564,0.0791435858055719,0.0,0.0,0.10132008461419628,0.014185016580407226,0.0,0.0,0.0,0.0,0.0,0.0,0.0,0.0,0.0,0.8323496324378695,0.0,1.7863997112142815,0.0,0.0,0.0,0.0,0.0
0.07041262366790965,0.36054680911537307,0.0885435041132527,0.007623553187553316,0.11012513039487887,0.0,0.0,0.26284460932877984,0.02769885828177398,0.0,0.0,0.0012568302548551975,0.0,0.0,0.0,0.0,0.0,0.0,0.9912843262565519,0.0,2.1799055399427476,0.0,0.0,0.0,0.0,0.0
0.05021289035435977,0.26067464411473157,0.04693356309225728,0.006217587785226952,0.08466567114076243,0.0,0.0,0.22221611424453394,0.023059371050064285,0.0,0.0,0.0024075069835425944,0.0,0.0,0.0,0.0,0.0,0.0,0.7047791180732695,0.0,1.6144410201092718,0.0,0.0,0.0,0.0,0.0
0.06850912884011502,0.3531172156501596,0.07107106672010151,0.007363434485155318,0.10733761746049694,0.0,0.0,0.23818019070308738,0.026166324938629755,0.0,0.0,0.0010822857260792485,0.0,0.0,0.0,0.0,0.0,0.0,0.9905978934660354,0.0,2.194790135903382,0.0,0.0,0.0,0.0,0.0
0.055361792747417406,0.284475750039116,0.06840736359727852,0.004935212959052677,0.08001718224676149,0.0,0.0,0.13747031361977843,0.016215039303205545,0.0,0.0,6.078183867441804e-05,0.0,0.0,0.0,0.0,0.0,0.0,0.8164866018379533,0.0,1.7298213561781794,0.0,0.0,0.0,0.0,0.0
0.05582033506300013,0.2941357527258287,0.04151413957095853,0.0070194280910318195,0.09802330754150604,0.0,0.0,0.23854831445546978,0.025905944934183096,0.0,0.0,0.0021258446414376274,0.0,0.0,0.0,0.0,0.0,0.0,0.8030880542910341,0.0,1.8671281878914687,0.0,0.0,0.0,0.0,0.0
0.05624878653883396,0.28935742230718775,0.06063132651584253,0.005935332703902466,0.08833685426466234,0.0,0.0,0.19280059677872943,0.020885878487001554,0.0,0.0,0.00034817770911017837,0.0,0.0,0.0,0.0,0.0,0.0,0.8089768546903106,0.0,1.7861779970226341,0.0,0.0,0.0,0.0,0.0
0.08860836515317456,0.4588097196782604,0.09091859081620413,0.011959614722593414,0.15120033966933255,0.0,0.0,0.46164787579859595,0.046790238580913183,0.0,0.0,0.006753260588488342,0.0,0.0,0.0,0.0,0.0,0.0,1.1989339137195443,0.0,2.763037040646917,0.0,0.0,0.0,0.0,0.0
0.06436742330936815,0.33390372573322213,0.05798973525180277,0.00873427126284247,0.113741277026286,0.0,0.0,0.32841902707516135,0.03365626780239465,0.0,0.0,0.004763870519863615,0.0,0.0,0.0,0.0,0.0,0.0,0.875582882793553,0.0,2.0549122354768983,0.0,0.0,0.0,0.0,0.0
0.08309943797856487,0.43440101982886803,0.06471747624357074,0.012863783881344562,0.15451515396318566,0.0,0.0,0.5156014658995799,0.05201298537966653,0.0,0.0,0.008575099687558471,0.0,0.0,0.0,0.0,0.0,0.0,1.1047741369696953,0.0,2.6478040655179806,0.0,0.0,0.0,0.0,0.0
0.061645259731996555,0.3213117867471955,0.06003774208818401,0.0070751712510595385,0.10191727385719801,0.0,0.0,0.2435495959343992,0.02567411581003285,0.0,0.0,0.0011100396131833428,0.0,0.0,0.0,0.0,0.0,0.0,0.8784745423256912,0.0,1.9940282039464428,0.0,0.0,0.0,0.0,0.0
0.07551729094555179,0.39188577290552806,0.08112953614567071,0.009825267482689236,0.12770121438567666,0.0,0.0,0.37438048033497673,0.0381281230454883,0.0,0.0,0.004768538643248471,0.0,0.0,0.0,0.0,0.0,0.0,1.0418042293615468,0.0,2.370942357600599,0.0,0.0,0.0,0.0,0.0
0.0522704444405078,0.27207928775558093,0.05266194072118628,0.006646431739574858,0.08920511193527958,0.0,0.0,0.24345277379803945,0.02505833818517831,0.0,0.0,0.0026886011632680103,0.0,0.0,0.0,0.0,0.0,0.0,0.7330147878449744,0.0,1.6672929163316452,0.0,0.0,0.0,0.0,0.0
0.08325036672777425,0.43067229162006654,0.07347338097708578,0.00807226883599755,0.13084106521158392,0.0,0.0,0.22476896431363222,0.026684676817725933,0.0,0.0,0.0,0.0,0.0,0.0,0.0,0.0,0.0,1.2409052226279393,0.0,2.729328666165289,0.0,0.0,0.0,0.0,0.0
0.055232044528836226,0.28609047732398163,0.048604098872307995,0.005459352037589315,0.08658641791792993,0.0,0.0,0.15009264910324335,0.01813621373962175,0.0,0.0,9.267477420207676e-05,0.0,0.0,0.0,0.0,0.0,0.0,0.8244418897856504,0.0,1.812520565554593,0.0,0.0,0.0,0.0,0.0
0.06521451167751054,0.33499446059298016,0.07129941116985279,0.005667270865141545,0.09279721825673364,0.0,0.0,0.14265631652044888,0.018066387234886905,0.0,0.0,7.518144282261916e-06,0.0,0.0,0.0,0.0,0.0,0.0,0.9684551823271034,0.0,2.076072245188949,0.0,0.0,0.0,0.0,0.0
0.12814865218935328,0.6589413408903126,0.1471905554098683,0.013225898858730701,0.19984907100368676,0.0,0.0,0.4263161024423309,0.04636750880531734,0.0,0.0,0.0016333007719022761,0.0,0.0,0.0,0.0,0.0,0.0,1.8473185645435541,0.0,4.034376789468544,0.0,0.0,0.0,0.0,0.0
0.05729847417298512,0.297816449188361,0.05450226831729245,0.006710745016205008,0.09501278743684428,0.0,0.0,0.23069545173348538,0.024683247486693947,0.0,0.0,0.0015295930446268162,0.0,0.0,0.0,0.0,0.0,0.0,0.8140748536836362,0.0,1.8430107200303805,0.0,0.0,0.0,0.0,0.0
0.09282417612347861,0.4748593541195714,0.11016463405085782,0.008249847242842947,0.13615588132544676,0.0,0.0,0.22449547920519394,0.0274632343748061,0.0,0.0,0.0,0.0,0.0,0.0,0.0,0.0,0.0,1.3559849383764468,0.0,2.9158623505910373,0.0,0.0,0.0,0.0,0.0
0.07393440837193409,0.38590246835423364,0.06850841823488152,0.009662208704669691,0.12772348233765937,0.0,0.0,0.35548555388938596,0.036742599594074374,0.0,0.0,0.004430952378217291,0.0,0.0,0.0,0.0,0.0,0.0,1.0302547000199194,0.0,2.371822317153525,0.0,0.0,0.0,0.0,0.0
0.08874731468689773,0.45930826905278216,0.07896998389775906,0.010867359308698438,0.14876188754070863,0.0,0.0,0.3793332693733253,0.041028795691692335,0.0,0.0,0.0034462763288907326,0.0,0.0,0.0,0.0,0.0,0.0,1.23920977745736,0.0,2.860030864190426,0.0,0.0,0.0,0.0,0.0
0.05987647286676822,0.3111792920775811,0.06057509278356602,0.0070697951047872624,0.09632041490594744,0.0,0.0,0.24958944444340003,0.026253395361877305,0.0,0.0,0.002035417066813499,0.0,0.0,0.0,0.0,0.0,0.0,0.8426728115811396,0.0,1.908850674503361,0.0,0.0,0.0,0.0,0.0
0.058750351686317044,0.3049098071614597,0.056808266125855225,0.007206219477641269,0.09943808092221276,0.0,0.0,0.25083584507521733,0.026913785044135885,0.0,0.0,0.0026836673115441193,0.0,0.0,0.0,0.0,0.0,0.0,0.8201673614707932,0.0,1.876802463996388,0.0,0.0,0.0,0.0,0.0
0.03408186023002179,0.17720670730317384,0.02700364659411712,0.00409132722723664,0.05677859470122637,0.0,0.0,0.13748116465895616,0.015023622302664904,0.0,0.0,0.0007701581620728954,0.0,0.0,0.0,0.0,0.0,0.0,0.4902717209775045,0.0,1.1194546656974977,0.0,0.0,0.0,0.0,0.0
0.0805962558939076,0.41707548048172133,0.0855160152662639,0.007708597658270399,0.12108128981544646,0.0,0.0,0.21985397306357757,0.02573873120179122,0.0,0.0,0.00014226722074962402,0.0,0.0,0.0,0.0,0.0,0.0,1.1891987504026122,0.0,2.587641042349663,0.0,0.0,0.0,0.0,0.0
0.06318336236654938,0.3264216334659607,0.06514965604016093,0.007543984118953551,0.10247116998737983,0.0,0.0,0.26384540091905745,0.027950872580065275,0.0,0.0,0.0019482589322420813,0.0,0.0,0.0,0.0,0.0,0.0,0.8909212132428269,0.0,2.007064290782351,0.0,0.0,0.0,0.0,0.0
0.07352741040935269,0.37381980492205286,0.09927874878714749,0.0055792520012005005,0.09757466562849723,0.0,0.0,0.12208138971112636,0.016955531479179522,0.0,0.0,0.0,0.0,0.0,0.0,0.0,0.0,0.0,1.0992100679151051,0.0,2.267184896000496,0.0,0.0,0.0,0.0,0.0
0.05763585699823932,0.2999437734749191,0.048102864600899194,0.009911454377544694,0.11159517058073412,0.0,0.0,0.4216462088625147,0.04158253596103127,0.0,0.0,0.008609427382259326,0.0,0.0,0.0,0.0,0.0,0.0,0.71657248617097,0.0,1.7697088530721046,0.0,0.0,0.0,0.0,0.0
0.0789628516095848,0.4063148722836429,0.09151923399341381,0.008644224373004631,0.12467520256111744,0.0,0.0,0.2916377373987149,0.0312245828078242,0.0,0.0,0.0014603604018574672,0.0,0.0,0.0,0.0,0.0,0.0,1.1183374916229498,0.0,2.475270706263089,0.0,0.0,0.0,0.0,0.0
0.05363099010704704,0.27273396767769104,0.07014719256539946,0.00348284527564641,0.06885412839557227,0.0,0.0,0.053862851355229,0.009322170609271069,0.0,0.0,0.0,0.0,0.0,0.0,0.0,0.0,0.0,0.8125202536156827,0.0,1.661076300676513,0.0,0.0,0.0,0.0,0.0
0.08122015814761047,0.4183708914465071,0.09640430728091522,0.008015263652404294,0.12180511694047089,0.0,0.0,0.24008214746402026,0.027324471411702796,0.0,0.0,0.00016091398251759015,0.0,0.0,0.0,0.0,0.0,0.0,1.1709953135021842,0.0,2.559230070025442,0.0,0.0,0.0,0.0,0.0
0.052302395073739,0.2720615383110687,0.04696720210511076,0.008116782715340122,0.09708781377062085,0.0,0.0,0.3339804524736406,0.0329470129340854,0.0,0.0,0.006536357093639984,0.0,0.0,0.0,0.0,0.0,0.0,0.6818484084076807,0.0,1.6367912522469164,0.0,0.0,0.0,0.0,0.0
0.051312399532259106,0.2605733188986168,0.06438606298106138,0.004087399249187461,0.06976991947603557,0.0,0.0,0.09724159941040642,0.012505677114428359,0.0,0.0,0.0,0.0,0.0,0.0,0.0,0.0,0.0,0.7634674608636678,0.0,1.5964599937654065,0.0,0.0,0.0,0.0,0.0
0.07228740730726795,0.37437655134863,0.07001273867731239,0.007276090046509882,0.11065095562809522,0.0,0.0,0.21900602767641703,0.024722688889536732,0.0,0.0,0.0003169877570388967,0.0,0.0,0.0,0.0,0.0,0.0,1.0644578388198427,0.0,2.337270494743426,0.0,0.0,0.0,0.0,0.0
0.08105219645642192,0.41953410089570775,0.07721315480651066,0.010550077776715058,0.13775561300381065,0.0,0.0,0.3899903838405965,0.04044322996671006,0.0,0.0,0.004510271962925123,0.0,0.0,0.0,0.0,0.0,0.0,1.119699705425104,0.0,2.564068562949914,0.0,0.0,0.0,0.0,0.0
0.08611690887102891,0.4520613688801136,0.07102210598573429,0.012375182379966324,0.15182385080345795,0.0,0.0,0.4798342924109374,0.04870387593652781,0.0,0.0,0.0070481304289881095,0.0,0.0,0.0,0.0,0.0,0.0,1.1650033322829063,0.0,2.752716876478471,0.0,0.0,0.0,0.0,0.0
0.07728068028975434,0.4040524399842196,0.0676666903336828,0.010569302696304704,0.1348723421244644,0.0,0.0,0.4017564534111283,0.04145739948052602,0.0,0.0,0.0038148412960566304,0.0,0.0,0.0,0.0,0.0,0.0,1.0633385547173717,0.0,2.48096876828653,0.0,0.0,0.0,0.0,0.0
0.05841764340909068,0.3009525812528878,0.06289023202077804,0.007041713290911907,0.09645211511610774,0.0,0.0,0.25662008604457714,0.026214567903316013,0.0,0.0,0.0020408339024903686,0.0,0.0,0.0,0.0,0.0,0.0,0.8117598176343451,0.0,1.8367092896574733,0.0,0.0,0.0,0.0,0.0
0.06294097378199716,0.3253710861436532,0.0655131041255779,0.007226389387129797,0.10110354320979703,0.0,0.0,0.2507824283021316,0.026508159288633485,0.0,0.0,0.0016302942249432732,0.0,0.0,0.0,0.0,0.0,0.0,0.8894740420849205,0.0,1.997770035325724,0.0,0.0,0.0,0.0,0.0
0.06112693817541284,0.3256579463989194,0.031998055399830215,0.01191711100350612,0.12955957144099464,0.0,0.0,0.5150166673852296,0.05135078449341856,0.0,0.0,0.012260229445491981,0.0,0.0,0.0,0.0,0.0,0.0,0.7441389349556596,0.0,1.9353945377647603,0.0,0.0,0.0,0.0,0.0
0.03528553003945369,0.17934670741729056,0.048405181587382724,0.002559242310531064,0.047213993379808736,0.0,0.0,0.05555653667840598,0.007631129035030799,0.0,0.0,0.0,0.0,0.0,0.0,0.0,0.0,0.0,0.5264123349823735,0.0,1.0837240321283639,0.0,0.0,0.0,0.0,0.0
0.05662332680656545,0.2908178789857526,0.0597455851058408,0.0065444682665645,0.09123919358876538,0.0,0.0,0.2266226208005616,0.023778601037699288,0.0,0.0,0.0020627552051763727,0.0,0.0,0.0,0.0,0.0,0.0,0.7969788246118535,0.0,1.7869972703325094,0.0,0.0,0.0,0.0,0.0
0.04442319940146855,0.22916196446092077,0.04525275611049393,0.004925860713826529,0.0712936934687272,0.0,0.0,0.15999929619389278,0.01780502040245679,0.0,0.0,0.0009056439923248686,0.0,0.0,0.0,0.0,0.0,0.0,0.6345557517205072,0.0,1.4200914333723222,0.0,0.0,0.0,0.0,0.0
0.056865828584746515,0.2960181421477607,0.05367976764123971,0.007526008148771753,0.09920736015845619,0.0,0.0,0.28482139543239626,0.02895724445061791,0.0,0.0,0.0026131682130614356,0.0,0.0,0.0,0.0,0.0,0.0,0.7878931583859601,0.0,1.805609740644283,0.0,0.0,0.0,0.0,0.0
0.060537235902846195,0.31526432019313494,0.0562803995423273,0.008746457173123272,0.10839051567370012,0.0,0.0,0.3479378132265568,0.03516338078243859,0.0,0.0,0.004646636799816484,0.0,0.0,0.0,0.0,0.0,0.0,0.8022364979551617,0.0,1.8979686140825491,0.0,0.0,0.0,0.0,0.0
0.05933147637265433,0.3038349576082479,0.06937794328751944,0.005028706172877541,0.08531501124345688,0.0,0.0,0.12873043040917723,0.01608639913370457,0.0,0.0,0.0,0.0,0.0,0.0,0.0,0.0,0.0,0.8764640892738041,0.0,1.867738486473836,0.0,0.0,0.0,0.0,0.0
