0_channel,1_channel,2_channel,3_channel,4_channel,5_channel,6_channel,7_channel,8_channel,9_channel,10_channel,11_channel,12_channel,13_channel,14_channel,15_channel,16_channel,17_channel,18_channel,19_channel,20_channel,21_channel,22_channel,23_channel,24_channel,25_channel,26_channel,27_channel
0.002674226619986505,0.031227368704488556,0.09994467285470371,1.0700460060743748,0.3216988213944551,4.067229003958433,0.05475942538472994,0.0,0.0,0.0,0.0,0.0,0.0,0.0,0.0,0.0,0.0,0.0,0.0,0.0,0.0,0.0,0.0,0.0,7.60447057283878,0.0,12.581654863315732,0.0
0.00017304955957634353,0.005391399127997956,0.04457018543497589,0.5562115031715273,0.1511821820151977,2.03837438245284,0.026370047333921672,0.0,0.0,0.0,0.0,0.0,0.0,2.695038291961259e-05,0.0,0.0,0.0,0.0,0.0,0.0,0.0,0.0,0.0,0.0,3.799266492649697,0.0,7.096045481365782,0.0
0.0008343469428195894,0.007192802701857392,0.08220241947975729,1.1228583296913164,0.2842366954739206,4.227551713473849,0.051307678929106176,0.0,0.0,0.0,0.0,0.0,0.0,0.0009607468217966771,0.0,0.0,0.0,0.0,0.0,0.0,0.0,0.0,0.0,0.0,7.359101776180214,0.0,16.95020300470091,0.0
0.0038463906804546925,0.005618596778635708,0.07677194218610736,1.0531119729643912,0.27225764044198564,3.843576252136435,0.04850860559158598,0.0,0.0,0.0,0.0,0.0,0.0,0.0006408724969864686,0.0,0.0,0.0,0.0,0.0,0.0,0.0,0.0,0.0,0.0,6.980825957732434,0.0,15.218220691436066,0.0
0.0031413098951829665,0.022308213485267528,0.0751313228534062,0.8091872572546623,0.24240020500299111,2.9650622737675802,0.04072128484350458,0.0,0.0,0.0,0.0,0.0,0.0,0.0,0.0,0.0,0.0,0.0,0.0,0.0,0.0,0.0,0.0,0.0,5.407365014460972,0.0,7.036756306401292,0.0
0.02616242320664263,0.00015330207389638556,0.10065774472609931,1.764045518431587,0.377896415566379,6.420254267890371,0.0698504725133298,0.0,0.0,0.0,0.0,0.0,0.0,0.00523470318645443,0.0,0.0,0.0,0.0,0.0,0.0,0.0,0.0,0.0,0.0,10.708431339699745,0.0,37.17068232158781,0.0
0.0003284783269749181,0.004975418432235272,0.04089683493759958,0.5287238859719912,0.14084928953921574,1.9459822130185753,0.0248223967417944,0.0,0.0,0.0,0.0,0.0,0.0,0.00023344866677091133,0.0,0.0,0.0,0.0,0.0,0.0,0.0,0.0,0.0,0.0,3.3964406270043828,0.0,7.3302148621461285,0.0
0.026204182046119604,0.06528796019487454,0.1158671565950567,0.9492092359160915,0.3369372501005198,3.342062395705106,0.05248960445683414,0.0,0.0,0.0,0.0,0.0,0.0,0.0,0.0,0.0,0.0,0.0,0.0,0.0,0.0,0.0,0.0,0.0,4.892887142974811,0.0,3.2732053269628967,0.0
3.691494668403819e-05,0.010704133561693726,0.07119339431744462,0.8749258567553669,0.24127359490216,3.1774091557754787,0.041922750118061756,0.0,0.0,0.0,0.0,0.0,0.0,3.138909604107878e-07,0.0,0.0,0.0,0.0,0.0,0.0,0.0,0.0,0.0,0.0,5.847909685096463,0.0,10.361508517856599,0.0
0.000905212541526709,0.002537455923427864,0.04311000774553459,0.5863498091298779,0.15331984988474995,2.1796667871778226,0.027026756572148265,0.0,0.0,0.0,0.0,0.0,0.0,0.0001933501865839066,0.0,0.0,0.0,0.0,0.0,0.0,0.0,0.0,0.0,0.0,3.856537881634015,0.0,8.556330444335225,0.0
0.00014607896582638144,0.00413657509087511,0.04215592196250747,0.5360783687757887,0.14770636784557728,1.9844862977840945,0.025617004446796987,0.0,0.0,0.0,0.0,0.0,0.0,9.572043919556013e-06,0.0,0.0,0.0,0.0,0.0,0.0,0.0,0.0,0.0,0.0,3.520761089353475,0.0,4.698736010048324,0.0
0.008868562086910267,0.0018213823759261085,0.08104149561941057,1.2317607716534744,0.2922828443846224,4.607627089643898,0.0535433803985106,0.0,0.0,0.0,0.0,0.0,0.0,0.0022300758711815234,0.0,0.0,0.0,0.0,0.0,0.0,0.0,0.0,0.0,0.0,7.96182632163016,0.0,21.33259022913346,0.0
7.477661896550108e-06,0.0029086237894349375,0.020338528740952367,0.25147229967294393,0.06945327321222432,0.9435163881139297,0.012134812164532285,0.0,0.0,0.0,0.0,0.0,0.0,7.175507491746432e-05,0.0,0.0,0.0,0.0,0.0,0.0,0.0,0.0,0.0,0.0,1.6680964834448946,0.0,3.1255088899870147,0.0
0.005962278648060256,0.02305540764400678,0.05120703135097038,0.4956314276637438,0.1572049989249121,1.8451202378111489,0.025956739300459004,0.0,0.0,0.0,0.0,0.0,0.0,0.0,0.0,0.0,0.0,0.0,0.0,0.0,0.0,0.0,0.0,0.0,3.4726026156940155,0.0,3.634106167831178,0.0
0.004345292485791907,0.0029335012577134043,0.0697547757634266,1.030399329537724,0.2490042380838044,3.782884798017925,0.045359321500958026,0.0,0.0,0.0,0.0,0.0,0.0,0.0018275108162487553,0.0,0.0,0.0,0.0,0.0,0.0,0.0,0.0,0.0,0.0,6.685304235416564,0.0,17.286177890709517,0.0
0.005743714832325068,0.04185748013874483,0.16445810043636025,1.7436438772991356,0.5374809169936476,6.65288136058224,0.09046685653955805,0.0,0.0,0.0,0.0,0.0,0.0,0.0,0.0,0.0,0.0,0.0,0.0,0.0,0.0,0.0,0.0,0.0,11.607800543220174,0.0,18.064932418883796,0.0
0.0008403344070069903,0.0031829629809265983,0.04446141651973553,0.6087167204183508,0.15676104767299587,2.199797456475761,0.027951074405890536,0.0,0.0,0.0,0.0,0.0,0.0,0.0004078202184069678,0.0,0.0,0.0,0.0,0.0,0.0,0.0,0.0,0.0,0.0,3.884398664639312,0.0,8.958758883652882,0.0
0.0074892185067886065,0.040642536545858914,0.10420458103993217,1.05044354870712,0.32515556430718145,4.010881648754814,0.054131157338622574,0.0,0.0,0.0,0.0,0.0,0.0,0.0,0.0,0.0,0.0,0.0,0.0,0.0,0.0,0.0,0.0,0.0,7.031378939788835,0.0,10.992774207812676,0.0
7.27508647986628e-05,0.007554760800830577,0.04464097727508151,0.5260130681911998,0.1508571433636648,1.9830937631665153,0.026074918338831347,0.0,0.0,0.0,0.0,0.0,0.0,0.0,0.0,0.0,0.0,0.0,0.0,0.0,0.0,0.0,0.0,0.0,3.613568170724637,0.0,6.206333407090768,0.0
0.0016741827117816768,0.003932956024466975,0.051551364849824484,0.716094442898427,0.18137791570320966,2.6967235979843616,0.03257118255398787,0.0,0.0,0.0,0.0,0.0,0.0,0.0006785405455462207,0.0,0.0,0.0,0.0,0.0,0.0,0.0,0.0,0.0,0.0,4.776581227808765,0.0,12.430182054049833,0.0
4.5150158777327577e-08,0.00713886964878968,0.05053049260436781,0.550281899086122,0.1695407172812032,2.1012803132465203,0.02858616117972552,0.0,0.0,0.0,0.0,0.0,0.0,0.0,0.0,0.0,0.0,0.0,0.0,0.0,0.0,0.0,0.0,0.0,3.605665206268746,0.0,4.662743372504244,0.0
0.0009865542262187934,0.004580341817193083,0.05442030611663253,0.7514930121908147,0.1897080093521886,2.7577305819476075,0.033924384168420016,0.0,0.0,0.0,0.0,0.0,0.0,0.0005910525718701043,0.0,0.0,0.0,0.0,0.0,0.0,0.0,0.0,0.0,0.0,4.723468640898024,0.0,9.686672442058553,0.0
0.04187156963417311,0.00011331883295686674,0.12449315867189953,2.257392084456197,0.48224518981184833,8.432800398703355,0.09047878794676,0.0,0.0,0.0,0.0,0.0,0.0,0.005448379649916362,0.0,0.0,0.0,0.0,0.0,0.0,0.0,0.0,0.0,0.0,13.75484424453375,0.0,43.84902982359534,0.0
0.004448168737846399,0.0005232021195697063,0.042585617462206245,0.6456645953307498,0.15545272686759626,2.408066659242105,0.028370711756656654,0.0,0.0,0.0,0.0,0.0,0.0,0.0008545006419070158,0.0,0.0,0.0,0.0,0.0,0.0,0.0,0.0,0.0,0.0,4.210926136866954,0.0,10.558023826631464,0.0
0.005237125905724521,0.023946650427664494,0.06230271277608341,0.61003045830983,0.19615881563718784,2.3112236585927657,0.03239338123441995,0.0,0.0,0.0,0.0,0.0,0.0,0.0,0.0,0.0,0.0,0.0,0.0,0.0,0.0,0.0,0.0,0.0,4.2788919477002025,0.0,3.5406012624271224,0.0
2.5513352134575154e-07,0.015271453549254743,0.09233995140848622,1.1278931093474638,0.3139971938750508,4.222610776033297,0.054444610750938094,0.0,0.0,0.0,0.0,0.0,0.0,0.00022774546667863788,0.0,0.0,0.0,0.0,0.0,0.0,0.0,0.0,0.0,0.0,7.602692444678587,0.0,15.260357288701137,0.0
0.001085756756084436,0.017790003228396776,0.1751433117903842,2.414823116067037,0.5983453585140492,8.85805307305112,0.10865666420616932,0.0,0.0,0.0,0.0,0.0,0.0,0.003160086461010121,0.0,0.0,0.0,0.0,0.0,0.0,0.0,0.0,0.0,0.0,15.825433365198725,0.0,43.328401218269896,0.0
0.00904475435984759,0.03935179555620721,0.09133256657132527,0.8873167150538034,0.28067020507150403,3.077941257765142,0.04615451837188498,0.0,0.0,0.0,0.0,0.0,0.0,0.0,0.0,0.0,0.0,0.0,0.0,0.0,0.0,0.0,0.0,0.0,5.939590268668185,0.0,5.83194502592219,0.0
0.0002190440064112763,0.00744617795169091,0.03872526169413364,0.46076945333160685,0.13054034030192246,1.737598426008921,0.0224119786257854,0.0,0.0,0.0,0.0,0.0,0.0,0.00010320640654916825,0.0,0.0,0.0,0.0,0.0,0.0,0.0,0.0,0.0,0.0,3.2091625651970395,0.0,6.062385820355015,0.0
0.0009129504622361314,0.021374514280766907,0.08103442424012254,0.8574266224106889,0.26244713891633403,3.189056849909358,0.0443164047309838,0.0,0.0,0.0,0.0,0.0,0.0,0.0,0.0,0.0,0.0,0.0,0.0,0.0,0.0,0.0,0.0,0.0,5.907522241900168,0.0,9.57927910539537,0.0
0.002657268174288316,0.0008814939220568392,0.04550842197255825,0.6997814374107267,0.16178859954011193,2.608170216447836,0.02991094655638026,0.0,0.0,0.0,0.0,0.0,0.0,0.0013738455003834086,0.0,0.0,0.0,0.0,0.0,0.0,0.0,0.0,0.0,0.0,4.486175683542618,0.0,12.800864932413734,0.0
0.0021279603485493633,0.0007434577216718531,0.022070200706972274,0.33620399829459635,0.07937294144216404,1.2435050712624374,0.014546063292324291,0.0,0.0,0.0,0.0,0.0,0.0,0.0005681664969295589,0.0,0.0,0.0,0.0,0.0,0.0,0.0,0.0,0.0,0.0,2.173616266354641,0.0,6.22311441011838,0.0
0.0005957157240600692,0.019020867229003535,0.07638511803956437,0.8983220833540819,0.248785891665588,3.3558514562099124,0.04320303391324818,0.0,0.0,0.0,0.0,0.0,0.0,0.0005611244635840832,0.0,0.0,0.0,0.0,0.0,0.0,0.0,0.0,0.0,0.0,6.273700594876667,0.0,15.016269768345376,0.0
0.002322163945862387,0.01667974827146257,0.0653835411895511,0.6839831683768416,0.2090446073443647,2.4901209166345804,0.034676073906269644,0.0,0.0,0.0,0.0,0.0,0.0,0.0,0.0,0.0,0.0,0.0,0.0,0.0,0.0,0.0,0.0,0.0,4.179141722872506,0.0,4.982942441080234,0.0
0.0037128556717213996,0.006700550235880947,0.10239853421856852,1.3784622527627388,0.3623130613145826,5.1320127155989415,0.06417038615124428,0.0,0.0,0.0,0.0,0.0,0.0,0.00047747423632703203,0.0,0.0,0.0,0.0,0.0,0.0,0.0,0.0,0.0,0.0,8.902577863308133,0.0,23.10776085407747,0.0
0.003208067221798097,0.01277180404727576,0.032692234392649525,0.3161462178483151,0.10226029106912998,1.1735739532366465,0.016782617493326997,0.0,0.0,0.0,0.0,0.0,0.0,0.0,0.0,0.0,0.0,0.0,0.0,0.0,0.0,0.0,0.0,0.0,2.104731041259974,0.0,2.103816930037181,0.0
0.0012849168684205834,0.0008504117276939094,0.02126999365880517,0.3133533474443153,0.0774603762932283,1.1729283085628173,0.013932186295316234,0.0,0.0,0.0,0.0,0.0,0.0,0.0003647781079729595,0.0,0.0,0.0,0.0,0.0,0.0,0.0,0.0,0.0,0.0,1.998856749649829,0.0,4.75027031949665,0.0
0.0002941286020014915,0.006983547108485847,0.05950188022429688,0.7978653608783312,0.2050895151635467,2.999723237816036,0.03650666011977505,0.0,0.0,0.0,0.0,0.0,0.0,0.0010864505466919006,0.0,0.0,0.0,0.0,0.0,0.0,0.0,0.0,0.0,0.0,5.305995119295261,0.0,14.93658981858496,0.0
0.013115318551943643,0.05399281291227294,0.12508116883122036,1.1607909714874018,0.3836143578294234,4.482326698505808,0.06268700545727142,0.0,0.0,0.0,0.0,0.0,0.0,0.0,0.0,0.0,0.0,0.0,0.0,0.0,0.0,0.0,0.0,0.0,7.856106567456533,0.0,6.02825132267313,0.0
0.0013387555711487675,0.010421259331092862,0.03750748214141232,0.3985695596339747,0.1207342812867279,1.4619849576424868,0.020387776597544385,0.0,0.0,0.0,0.0,0.0,0.0,0.0,0.0,0.0,0.0,0.0,0.0,0.0,0.0,0.0,0.0,0.0,2.753303267534766,0.0,3.9233887061022297,0.0
0.000816555470033589,0.015147359321129051,0.08576626827632722,1.134518054225075,0.2921734878844718,4.157075991773681,0.05177015214259086,0.0,0.0,0.0,0.0,0.0,0.0,0.001405283382369716,0.0,0.0,0.0,0.0,0.0,0.0,0.0,0.0,0.0,0.0,7.591620377842736,0.0,17.276626401236882,0.0
0.06026928287840368,0.001398651827020124,0.1291045720857213,2.445076827113068,0.513236192939874,9.120000433207439,0.09656828416335651,0.0,0.0,0.0,0.0,0.0,0.0,0.006146546290922366,0.0,0.0,0.0,0.0,0.0,0.0,0.0,0.0,0.0,0.0,14.80720401363541,0.0,47.13152900250312,0.0
0.019788134171651078,0.0011914536152704102,0.03319367623892797,0.6642085202913404,0.13271247443397852,2.4359849836304304,0.02511487969793759,0.0,0.0,0.0,0.0,0.0,0.0,0.002182947764203037,0.0,0.0,0.0,0.0,0.0,0.0,0.0,0.0,0.0,0.0,3.915596072409314,0.0,12.687383180870139,0.0
0.004277907526809813,0.010282075999004879,0.13759617475306823,1.9173427958545217,0.48771295830375566,7.017676055928125,0.08716883771583143,0.0,0.0,0.0,0.0,0.0,0.0,0.0016187043097783175,0.0,0.0,0.0,0.0,0.0,0.0,0.0,0.0,0.0,0.0,12.48188295256974,0.0,24.95327376038293,0.0
0.014038088214651339,0.037710049696889146,0.08084696679134148,0.6924788074075932,0.2417094200065711,2.4600960833896486,0.03824343878612146,0.0,0.0,0.0,0.0,0.0,0.0,0.0,0.0,0.0,0.0,0.0,0.0,0.0,0.0,0.0,0.0,0.0,4.401415467890277,0.0,2.248252807923046,0.0
0.01048208694941403,0.048403364331833225,0.14261783520379295,1.4260910319839502,0.4473280231450057,5.315385845734599,0.07442299739425226,0.0,0.0,0.0,0.0,0.0,0.0,0.0,0.0,0.0,0.0,0.0,0.0,0.0,0.0,0.0,0.0,0.0,9.449641956874709,0.0,11.861412585642716,0.0
0.0008171406509466609,0.009951500628890697,0.03800637606102569,0.40636256912076474,0.12249988589585956,1.5366926179995148,0.020863347626128213,0.0,0.0,0.0,0.0,0.0,0.0,0.0,0.0,0.0,0.0,0.0,0.0,0.0,0.0,0.0,0.0,0.0,2.7792326129215903,0.0,3.73851992587402,0.0
0.0034544989090822178,0.003996232690533577,0.05695359671201221,0.8318785022779925,0.20421595632046569,3.1086338112417162,0.036692590122072814,0.0,0.0,0.0,0.0,0.0,0.0,0.0014869811515209786,0.0,0.0,0.0,0.0,0.0,0.0,0.0,0.0,0.0,0.0,5.497782056184126,0.0,16.53739843681157,0.0
0.005889240212154794,0.0014307660981858414,0.060119085411174944,0.8811966851213738,0.22033004170409304,3.206717046323399,0.039317956487891485,0.0,0.0,0.0,0.0,0.0,0.0,0.0003942996403500645,0.0,0.0,0.0,0.0,0.0,0.0,0.0,0.0,0.0,0.0,5.6750810947676635,0.0,12.42546641608678,0.0
0.0012767419206071457,0.012849022366311776,0.042655881827669426,0.46956872213398976,0.13853546171698022,1.7877280039528392,0.023588944029736002,0.0,0.0,0.0,0.0,0.0,0.0,5.961320116929885e-05,0.0,0.0,0.0,0.0,0.0,0.0,0.0,0.0,0.0,0.0,3.2212595538754507,0.0,6.05761988170707,0.0
0.0001048452668634293,0.01890722388270212,0.09061620053670756,1.0380673079080651,0.3007581677927542,3.7855294023901878,0.051473797791277844,0.0,0.0,0.0,0.0,0.0,0.0,0.0,0.0,0.0,0.0,0.0,0.0,0.0,0.0,0.0,0.0,0.0,6.9498981875342425,0.0,10.518761514674953,0.0
0.00015112146651357912,0.005790826305282942,0.04841775826386209,0.638432658700386,0.16328010223413023,2.355436793985828,0.029269579759315798,0.0,0.0,0.0,0.0,0.0,0.0,0.0005421261588809077,0.0,0.0,0.0,0.0,0.0,0.0,0.0,0.0,0.0,0.0,4.179443369692291,0.0,10.804802362152776,0.0
0.00030235958979167626,0.007945835270720961,0.04594317284979749,0.5341828112428009,0.15364887310152486,1.980943951523109,0.02639028233911486,0.0,0.0,0.0,0.0,0.0,0.0,0.0,0.0,0.0,0.0,0.0,0.0,0.0,0.0,0.0,0.0,0.0,3.426544359091529,0.0,4.48948247668373,0.0
0.036331378536633444,0.0013930278417506351,0.07032219292273995,1.44918594717902,0.27458538772909064,5.315574387160956,0.05231819428648005,0.0,0.0,0.0,0.0,0.0,0.0,0.006163107077617159,0.0,0.0,0.0,0.0,0.0,0.0,0.0,0.0,0.0,0.0,8.198966386058052,0.0,33.68104488049541,0.0
0.006413742119119707,0.03722839039458348,0.10851275977292102,1.0481167736929502,0.34038079977336755,3.8170667578489668,0.05554326906045519,0.0,0.0,0.0,0.0,0.0,0.0,0.0,0.0,0.0,0.0,0.0,0.0,0.0,0.0,0.0,0.0,0.0,6.432135566274905,0.0,9.744855452187075,0.0
0.021012268537430843,0.0019739408279186507,0.03998729025228514,0.7571134195664939,0.15909912177501478,2.8135353902314066,0.030323573477428277,0.0,0.0,0.0,0.0,0.0,0.0,0.0013545270372009388,0.0,0.0,0.0,0.0,0.0,0.0,0.0,0.0,0.0,0.0,4.594375341161157,0.0,12.798291393930963,0.0
7.884197594746804e-05,0.017401481254168273,0.10830068831492108,1.2354938116933247,0.36182003717260003,4.406441048281142,0.061653626455748456,0.0,0.0,0.0,0.0,0.0,0.0,0.0,0.0,0.0,0.0,0.0,0.0,0.0,0.0,0.0,0.0,0.0,8.356071128788589,0.0,12.418947762307635,0.0
0.0028214622799522505,0.0067308337013623565,0.09795207824299379,1.3338203737434025,0.3484663216799609,5.0178788508353,0.06152002379590038,0.0,0.0,0.0,0.0,0.0,0.0,0.0008031087702125804,0.0,0.0,0.0,0.0,0.0,0.0,0.0,0.0,0.0,0.0,8.593422842139097,0.0,16.290618363306276,0.0
0.00266733976732676,0.004240941671873051,0.06908149740644254,0.9353542176255768,0.2410694361379157,3.4776886529605364,0.04285108559158894,0.0,0.0,0.0,0.0,0.0,0.0,0.0005232227341603108,0.0,0.0,0.0,0.0,0.0,0.0,0.0,0.0,0.0,0.0,6.156871857396738,0.0,12.604654284308904,0.0
0.002398517404746232,0.004860109423794026,0.09505389973329582,1.2733431053933897,0.3398954280868599,4.659783508258104,0.05961322113558889,0.0,0.0,0.0,0.0,0.0,0.0,5.1105229523634636e-05,0.0,0.0,0.0,0.0,0.0,0.0,0.0,0.0,0.0,0.0,8.065171711805531,0.0,10.051068518825904,0.0
0.0028452768783398088,0.0024775463545353483,0.06101162156361358,0.8400813759307972,0.21812451046214335,3.1031916078684936,0.03900891076758563,0.0,0.0,0.0,0.0,0.0,0.0,0.0001505600015451863,0.0,0.0,0.0,0.0,0.0,0.0,0.0,0.0,0.0,0.0,5.488187307583148,0.0,11.144216417319273,0.0
0.03736632629372788,0.09597668899649606,0.14491214950028325,1.1326225574554356,0.41139468989077116,4.2743591871511235,0.06456128422966598,0.0,0.0,0.0,0.0,0.0,0.0,0.0,0.0,0.0,0.0,0.0,0.0,0.0,0.0,0.0,0.0,0.0,6.841964353717197,0.0,3.260416499250936,0.0
0.016381448961520696,0.00014532654414151072,0.07558964501981152,1.3327215737692384,0.28295486151411686,4.928894354928174,0.05265781775923326,0.0,0.0,0.0,0.0,0.0,0.0,0.004425168148405402,0.0,0.0,0.0,0.0,0.0,0.0,0.0,0.0,0.0,0.0,8.119470468930881,0.0,28.5538681861538,0.0
0.004883670297477759,0.044051588057668116,0.1144193185411428,1.1985230946732595,0.3638459764539546,4.415181727926163,0.06114219356911858,0.0,0.0,0.0,0.0,0.0,0.0,0.0,0.0,0.0,0.0,0.0,0.0,0.0,0.0,0.0,0.0,0.0,8.218216641616523,0.0,10.125544556612855,0.0
0.011117769029640444,0.0010210743181136293,0.06904021581892288,1.110690136720509,0.25180506941121816,4.144020069434681,0.04651843880720939,0.0,0.0,0.0,0.0,0.0,0.0,0.00232612617633552,0.0,0.0,0.0,0.0,0.0,0.0,0.0,0.0,0.0,0.0,7.008907974245039,0.0,21.137347732641878,0.0
0.006989938065832853,0.0002080424636495086,0.04585702641101532,0.6888014719906461,0.17234141449736773,2.609627841686328,0.03125983975205134,0.0,0.0,0.0,0.0,0.0,0.0,0.00016469586100022125,0.0,0.0,0.0,0.0,0.0,0.0,0.0,0.0,0.0,0.0,4.5085338052539035,0.0,7.852920490592806,0.0
0.004465077291623554,0.001674275992822183,0.059309647988164065,0.9161110042454345,0.21898997626184555,3.3767454849401926,0.039691958744589445,0.0,0.0,0.0,0.0,0.0,0.0,0.0014506100789496536,0.0,0.0,0.0,0.0,0.0,0.0,0.0,0.0,0.0,0.0,5.94030571532211,0.0,14.155248121507583,0.0
0.007426753000366548,0.03797722767490111,0.10531021523232212,1.0630646648049975,0.3316190240647414,3.9739879391071677,0.055426544518643255,0.0,0.0,0.0,0.0,0.0,0.0,0.0,0.0,0.0,0.0,0.0,0.0,0.0,0.0,0.0,0.0,0.0,7.193753404459177,0.0,10.351940377258948,0.0
0.006815390808746379,0.023272899391480317,0.05829918404889366,0.5512057131205156,0.1801752685206613,2.0206305399089146,0.02937874316790565,0.0,0.0,0.0,0.0,0.0,0.0,0.0,0.0,0.0,0.0,0.0,0.0,0.0,0.0,0.0,0.0,0.0,3.468705726548902,0.0,3.8907856304180464,0.0
0.02746837407706419,0.0008822306417637696,0.12869765713392278,2.1545480368138596,0.489501809125841,7.918797857033704,0.08883059257998702,0.0,0.0,0.0,0.0,0.0,0.0,0.004965004482188881,0.0,0.0,0.0,0.0,0.0,0.0,0.0,0.0,0.0,0.0,13.493895521629668,0.0,40.58139496969155,0.0
6.114622553506513e-06,0.004849653027799248,0.03745961467332749,0.47709383603796324,0.12889621304187823,1.7856414401825147,0.022855411411945824,0.0,0.0,0.0,0.0,0.0,0.0,0.00021834554744445134,0.0,0.0,0.0,0.0,0.0,0.0,0.0,0.0,0.0,0.0,3.253538321901104,0.0,7.346159364765185,0.0
0.002547723860434075,0.020153015476217142,0.06518997769906734,0.7025821954037791,0.21013083822485484,2.5747648918028805,0.03572043189340161,0.0,0.0,0.0,0.0,0.0,0.0,2.1966541980514278e-06,0.0,0.0,0.0,0.0,0.0,0.0,0.0,0.0,0.0,0.0,4.83224778706697,0.0,7.17155772589536,0.0
0.0856347975989386,0.015067091511268805,0.061666341504906956,1.5329329354241905,0.2680688205118497,5.5702324471129465,0.052124852640390865,0.0,0.0,0.0,0.0,0.0,0.0,0.005902195396845879,0.0,0.0,0.0,0.0,0.0,0.0,0.0,0.0,0.0,0.0,8.194742961999577,0.0,32.38687217591002,0.0
0.008105575211110152,0.0068828441265082274,0.12262525209977376,1.7868009438413122,0.44002905529091396,6.841532365085812,0.07978460890402869,0.0,0.0,0.0,0.0,0.0,0.0,0.0028382304399203417,0.0,0.0,0.0,0.0,0.0,0.0,0.0,0.0,0.0,0.0,11.643924045517553,0.0,31.47284273458048,0.0
0.0026537934546387353,0.008235165804289605,0.1085003002393144,1.4188497706379954,0.3842082291112907,5.289776196919393,0.067254669711759,0.0,0.0,0.0,0.0,0.0,0.0,8.98649394005344e-05,0.0,0.0,0.0,0.0,0.0,0.0,0.0,0.0,0.0,0.0,9.251514691159658,0.0,16.210104987106718,0.0
0.012681677828571613,0.047003700566047794,0.1223364733419652,1.1415393693059197,0.37673714844999695,4.263252392943203,0.061569876593093965,0.0,0.0,0.0,0.0,0.0,0.0,0.0,0.0,0.0,0.0,0.0,0.0,0.0,0.0,0.0,0.0,0.0,7.440390609092656,0.0,7.369244522151508,0.0
0.0009312403088224745,0.014124265199821306,0.05919159864696872,0.6346075245509241,0.19228594202857763,2.380784726828002,0.032576116220771695,0.0,0.0,0.0,0.0,0.0,0.0,0.0,0.0,0.0,0.0,0.0,0.0,0.0,0.0,0.0,0.0,0.0,4.119367722589661,0.0,6.720906595296257,0.0
0.0017994902835449702,0.013037516049638537,0.13116711642723086,1.8395651769724204,0.4544979583218232,6.791751569818607,0.0811333513296837,0.0,0.0,0.0,0.0,0.0,0.0,0.003379844074032977,0.0,0.0,0.0,0.0,0.0,0.0,0.0,0.0,0.0,0.0,11.833220990084214,0.0,31.19572788677666,0.0
0.04408421343482903,0.002665402979259067,0.08462148493306676,1.6492789763171967,0.34416689953351026,6.058428005407674,0.06473937025566519,0.0,0.0,0.0,0.0,0.0,0.0,0.0036991218449460724,0.0,0.0,0.0,0.0,0.0,0.0,0.0,0.0,0.0,0.0,9.887105837383116,0.0,34.10218427273442,0.0
5.522292665828363e-05,0.01245214631436072,0.07909934825200825,0.9952214975131772,0.267597124052399,3.7057346650868443,0.04690481968222916,0.0,0.0,0.0,0.0,0.0,0.0,0.0008957489245548667,0.0,0.0,0.0,0.0,0.0,0.0,0.0,0.0,0.0,0.0,6.727637541966867,0.0,14.30801863576574,0.0
0.0025574258310231716,0.008364537576605215,0.09202994957766394,1.2535358511091728,0.3249954276353361,4.745145681172053,0.0572523344994231,0.0,0.0,0.0,0.0,0.0,0.0,0.0013040134052274826,0.0,0.0,0.0,0.0,0.0,0.0,0.0,0.0,0.0,0.0,8.371848031067953,0.0,20.575441805674835,0.0
0.0001356917288883378,0.01103906868596804,0.07370214308127392,0.9113203734075487,0.24950303393024065,3.386355500142857,0.04357826603449796,0.0,0.0,0.0,0.0,0.0,0.0,0.0003718342388444371,0.0,0.0,0.0,0.0,0.0,0.0,0.0,0.0,0.0,0.0,6.293539098600224,0.0,12.632871371140377,0.0
0.029551707284702373,0.0006613655114670979,0.062444909103188194,1.1981261144260853,0.23954820384615477,4.354305772555078,0.04528645223861599,0.0,0.0,0.0,0.0,0.0,0.0,0.0038495576365745886,0.0,0.0,0.0,0.0,0.0,0.0,0.0,0.0,0.0,0.0,7.043846296272262,0.0,23.77612961905067,0.0
0.00011239070120863212,0.009523258443805159,0.06464412584844248,0.7921278836407315,0.21912769464989873,2.968599890144475,0.038283782269911505,0.0,0.0,0.0,0.0,0.0,0.0,0.00021013481166333242,0.0,0.0,0.0,0.0,0.0,0.0,0.0,0.0,0.0,0.0,5.236377835095312,0.0,8.696528095258946,0.0
0.0002410345642862746,0.020862470359666957,0.10903363661430027,1.2484305216870824,0.3601219249510805,4.592744930000968,0.06227586529416244,0.0,0.0,0.0,0.0,0.0,0.0,2.4404753028183644e-05,0.0,0.0,0.0,0.0,0.0,0.0,0.0,0.0,0.0,0.0,8.840431428398496,0.0,15.313349737587064,0.0
0.0009030450956829228,0.015378107657498826,0.07078051735633023,0.8245025274299775,0.2372889049432275,3.068866519984546,0.04040497819042707,0.0,0.0,0.0,0.0,0.0,0.0,0.0,0.0,0.0,0.0,0.0,0.0,0.0,0.0,0.0,0.0,0.0,5.737047671636758,0.0,10.074250440415389,0.0
0.002941681222286906,0.02105067111723462,0.06260921743298516,0.6313505502345637,0.19873784446628237,2.324728834201939,0.032773872381973136,0.0,0.0,0.0,0.0,0.0,0.0,0.0,0.0,0.0,0.0,0.0,0.0,0.0,0.0,0.0,0.0,0.0,4.117036164632412,0.0,6.2577211263363655,0.0
0.0034913849764187026,0.0072184723693733055,0.1068576907144935,1.405187555446907,0.3731057829072681,5.280077052019647,0.06577153794739979,0.0,0.0,0.0,0.0,0.0,0.0,0.00029668193972238116,0.0,0.0,0.0,0.0,0.0,0.0,0.0,0.0,0.0,0.0,9.447691431858628,0.0,17.189755773941574,0.0
0.0027496174697979993,0.002309713233239539,0.045617957948113866,0.6427782154437167,0.16382888863606013,2.428104615186895,0.029140462787667104,0.0,0.0,0.0,0.0,0.0,0.0,0.0007374004529795403,0.0,0.0,0.0,0.0,0.0,0.0,0.0,0.0,0.0,0.0,4.300171486635684,0.0,11.625760001340108,0.0
0.013279230462772375,0.0007177893026944456,0.022983052749619776,0.43439993949432815,0.09241174137135175,1.6050614922183029,0.017554845310730913,0.0,0.0,0.0,0.0,0.0,0.0,0.0008821374890119053,0.0,0.0,0.0,0.0,0.0,0.0,0.0,0.0,0.0,0.0,2.6338050392773797,0.0,8.477019459675127,0.0
0.008634299398668341,0.049404985707339276,0.14192680292136028,1.3977604767529694,0.44688989501388526,5.293975709835026,0.07381509912516884,0.0,0.0,0.0,0.0,0.0,0.0,0.0,0.0,0.0,0.0,0.0,0.0,0.0,0.0,0.0,0.0,0.0,9.25871355831671,0.0,12.276310220286039,0.0
0.005714128814373519,0.004061721981053172,0.08652670594555176,1.3050183049314672,0.3020271969746615,4.769189674663834,0.05600447864948364,0.0,0.0,0.0,0.0,0.0,0.0,0.0028424639826563685,0.0,0.0,0.0,0.0,0.0,0.0,0.0,0.0,0.0,0.0,8.469636530370622,0.0,23.636457877989496,0.0
0.00142563414960846,0.0046289130744506775,0.054486459946620054,0.7809566200034957,0.19484272936546296,2.892572619707306,0.034881224415689444,0.0,0.0,0.0,0.0,0.0,0.0,0.0013872641929720134,0.0,0.0,0.0,0.0,0.0,0.0,0.0,0.0,0.0,0.0,5.1861485464056365,0.0,14.280878148579141,0.0
0.0004037693072080626,0.02794739491137928,0.16574559891182647,1.9675054155215668,0.5563863739514778,7.2108187756905595,0.09693650478970763,0.0,0.0,0.0,0.0,0.0,0.0,0.00012929892425269824,0.0,0.0,0.0,0.0,0.0,0.0,0.0,0.0,0.0,0.0,12.81316570706704,0.0,22.856351404989997,0.0
3.178160566713109e-05,0.002541559085548574,0.02086999067153811,0.25628662544067665,0.07221722639505138,0.9724591216560181,0.012453482432286665,0.0,0.0,0.0,0.0,0.0,0.0,0.0,0.0,0.0,0.0,0.0,0.0,0.0,0.0,0.0,0.0,0.0,1.599501410567796,0.0,2.518413447384243,0.0
0.007293272150459951,0.03125895408392774,0.06272518416693845,0.5548094515642871,0.1882731276172035,2.0427816952333684,0.029994364042238725,0.0,0.0,0.0,0.0,0.0,0.0,0.0,0.0,0.0,0.0,0.0,0.0,0.0,0.0,0.0,0.0,0.0,3.639956925941281,0.0,3.1160371326602636,0.0
0.0014083702496443045,0.004110485251769456,0.05423020092363013,0.7495781823655834,0.19008365802184501,2.873950809669379,0.03444281451465918,0.0,0.0,0.0,0.0,0.0,0.0,0.0008191219640640248,0.0,0.0,0.0,0.0,0.0,0.0,0.0,0.0,0.0,0.0,5.03580563574332,0.0,10.902115429822363,0.0
0.0003671981479516471,0.0039035993554674127,0.04546315133439988,0.6129527166141728,0.16009939168612344,2.265320230877955,0.02820501378993283,0.0,0.0,0.0,0.0,0.0,0.0,0.0004621408648152384,0.0,0.0,0.0,0.0,0.0,0.0,0.0,0.0,0.0,0.0,4.073505482807263,0.0,6.991901688721193,0.0
0.0022065339415809682,0.024992673662052413,0.10138198191174806,1.0416142404556494,0.32711660780260915,3.889123359103002,0.054449568464162025,0.0,0.0,0.0,0.0,0.0,0.0,0.0,0.0,0.0,0.0,0.0,0.0,0.0,0.0,0.0,0.0,0.0,7.142158769634936,0.0,9.089883613967938,0.0
0.0011096456488293783,0.016465332307670843,0.06600842085935386,0.7027231007118296,0.2155498971541745,2.6737117203189746,0.03604706972456764,0.0,0.0,0.0,0.0,0.0,0.0,0.0,0.0,0.0,0.0,0.0,0.0,0.0,0.0,0.0,0.0,0.0,4.727673747855306,0.0,4.7163296633936955,0.0
