rho_m2m1,rho_m3m1,rho_km1,rho_am1,rho_bm1,rho_em1,rho_gm1,rho_m3m2,rho_km2,rho_am2,rho_bm2,rho_em2,rho_gm2,rho_km3,rho_am3,rho_bm3,rho_em3,rho_gm3,rho_ak,rho_bk,rho_ek,rho_gk,rho_ba,rho_ea,rho_ga,rho_eb,rho_gb,rho_ge
0.031241460261825345,-0.017546004309032973,-0.44274191700702986,0.0508712287762146,-0.1450322895085236,-0.03514671430108493,-0.5633061192146092,0.017193292420487272,0.12873660184329958,0.0775663346221371,0.03375177766738296,0.765592017287969,-0.7060647251490423,0.004109927534061939,-0.0014461376636747969,-0.0011870907020726303,0.011905489139055325,0.0002832328581997277,-0.02921096185946037,0.16718693162788037,0.2546810648590301,-0.04344733048256115,0.05718469644511177,0.07709514842747124,-0.3613006160380118,-0.07637501353512115,0.10656617757241833,-0.6679148957590947
0.05017397336590026,0.022742344734104785,-0.436620556005938,0.05270133955854196,-0.14773691507982883,-0.03158091883108395,-0.5812370092253238,-0.0767126636333949,0.08946767747513738,0.07562393224930233,0.04804601688473778,0.7678361666859569,-0.7016131872811245,-0.02496529230559136,-0.00015238115094947847,0.007234226989977218,-0.0287088365347279,0.024834606973738033,-0.03152080144667515,0.1723719187136675,0.23898911156721828,-0.023062343773006512,0.05564632563913257,0.07311820954945758,-0.3620943973456604,-0.07562832498715596,0.10575314423148628,-0.6555883835879782
0.01928218738919339,-0.0036700548465801153,-0.44213973356287073,0.05153416306541021,-0.14079545348167408,-0.0427318090478492,-0.5657108017448568,0.0028635535795109085,0.12518906439518052,0.07543736891004238,0.030929140129604866,0.7659203126437164,-0.6981302512676375,0.0003597127146402333,0.00031780678537129394,-0.0007477684213174066,-0.0012188650984313973,0.0013452515285211058,-0.030975211906360697,0.16753455884522125,0.25213904465096676,-0.037285721182663205,0.05569474937134306,0.07445444945105492,-0.361538263652587,-0.07810608936924733,0.10749721036396612,-0.6597645086450585
0.016726980048244324,-0.035212591394435534,-0.44305196108618944,0.05455954839624963,-0.14250454059359285,-0.036665666472472026,-0.5639348090161302,0.000419444864852992,0.12360364291246158,0.07579681286615537,0.029880714507769544,0.7642746435037333,-0.6984551843801908,0.0024410083078899216,-0.0033130023053550735,-0.0007456614520104442,-0.022715633349072405,0.019816816971500412,-0.03213845213376409,0.16773024736207603,0.24733777892547965,-0.034215585142618195,0.05518335637668884,0.07711096573179545,-0.3627531970675654,-0.08040915462790721,0.10954565168279998,-0.6632350359204039
0.01688773630810719,0.0035976883700269964,-0.4444816234353316,0.05142832190891374,-0.142705816848122,-0.04648995296804456,-0.5581474462075265,-0.010357681296301054,0.12888176367260087,0.0699236335901031,0.03395779556936586,0.7696394396927548,-0.7035297235800051,-0.004111778462759928,0.0013528548055801645,-0.0003962784486563828,-0.010748593743167455,0.009176374928310478,-0.030449401890796143,0.16787041677797523,0.25345789002732383,-0.04067465612603317,0.05593259543868041,0.06939031199551265,-0.3544750216832144,-0.07660763590854616,0.10587249089249665,-0.666034140359526
-0.0037803059735190578,-0.8119411573303817,-0.46673841668483096,0.11436816798282472,-0.05236306446042694,0.5862333857925681,-0.8884193981318838,0.006766664085845625,0.0009311750671133618,-0.0008106245281851685,0.0018856903206479353,-0.003175696479195575,0.0032708730289324906,0.2588484837781262,-0.1032099063895009,-0.03869164867901829,-0.7685564869685624,0.6969429301371971,-0.06387695552988615,0.14765559870245346,-0.049024021811227614,0.2342151280910545,0.05550907706294244,0.09697022721407972,-0.38297620754281053,-0.07406667755108094,0.10520856352762871,-0.6565403847234518
0.0007062523262220487,-0.8133921340683187,-0.46132600657971184,0.11117956234495553,-0.052074446490439213,0.5902145289122079,-0.8881282891592304,-0.0016343473606690276,0.004843295742702064,0.00013932532793050237,0.0015877397049678479,0.0032279376750607683,4.76997545818059e-06,0.2555832389578051,-0.10047232850191234,-0.038432343099975036,-0.7685562278893963,0.6972550409592233,-0.0638861318443407,0.14956260821974304,-0.04899760011012432,0.22971823537192057,0.057464802832517016,0.09504911975222623,-0.3800754090131381,-0.07418186241951681,0.10400230568379171,-0.6600550409546654
0.017395433618844117,-0.006362897888802877,-0.4445706071694754,0.051717064902107854,-0.14247456327161637,-0.04822634328554914,-0.5608972174693403,0.00212325048638739,0.12064697816782957,0.07147807345895094,0.03330414358700983,0.7673844313670763,-0.7005398161557239,0.0016131127174335983,-4.152496467331564e-05,0.0005247113010325244,0.0026692581875193216,-0.0008579367749975349,-0.03221437290503379,0.16775463432826151,0.2468231724412504,-0.03279967729778546,0.05557150809510169,0.07237289916672693,-0.35906511086389087,-0.0776515288730443,0.10691800417423178,-0.6614355902478976
0.018402870439156303,0.0015113627564273448,-0.44486856268720065,0.05272973469519407,-0.14381097446803823,-0.04908208144637199,-0.5619661648099916,-0.0006715570597578711,0.12859942840948094,0.07461976062283439,0.033872621240875284,0.772977488007419,-0.7035513031886731,0.0026421605260263286,-0.00257898605988239,0.0021893898950815114,-0.001697111747734942,-0.0012271494260758208,-0.028947162158503383,0.16690503100214246,0.25735721268337375,-0.039352728919956614,0.057286910771486094,0.07084716209734551,-0.36137009058494884,-0.07732551838841202,0.10799068825362182,-0.6591541179882077
0.02461122059748489,0.01658415457369606,-0.4423780738756346,0.05292740416632786,-0.1428784233843001,-0.041522049461796044,-0.5681481742661803,-0.031965963504911876,0.1268625697492624,0.07458726810396275,0.03081830522683778,0.7643529787772662,-0.6975439523749093,-0.006344083632266392,-0.0015573994788890368,-4.002987979257922e-06,-0.012348704366675872,0.010585910156039461,-0.03086221417964449,0.16763190459262192,0.2535943614563052,-0.038175879622283145,0.055710692106442056,0.07442794376896807,-0.36221833304058654,-0.08093515306448083,0.1098501314506057,-0.658922417005313
0.02388082798445936,-0.0015395459222971785,-0.44314003180926986,0.052440412300242344,-0.14267145606989892,-0.04303290461578953,-0.5667875279359991,0.01957349873815274,0.11910331532320957,0.07279601996121443,0.0314575446273285,0.7650482992417506,-0.6979695782120383,0.0029172064812025607,0.0013993288069662725,0.0009196463948339778,0.013765507693395185,-0.013061089025567667,-0.031490878182484104,0.16716364966701017,0.24884744666588832,-0.03332955869968149,0.05618348884047887,0.07300571290564083,-0.36080118419952795,-0.07876403229432564,0.10845238941204831,-0.659442710977715
0.002166940818841438,-0.8168133424985211,-0.4792692836619319,0.1138897553333539,-0.05154684886141397,0.5921611713310397,-0.8880040869169842,0.003031751568322459,0.0007603821164254509,-0.0024312821816197968,0.004405534970035627,0.008525884615156938,-0.007339428276552526,0.2785731752218882,-0.10562604572721797,-0.038426064149704516,-0.7691257411154265,0.7013672275615959,-0.06616077464511358,0.145115293178173,-0.06655159714823541,0.2467329193268288,0.059762811008884094,0.1023408253016611,-0.38284348922890227,-0.0786350315509098,0.1048645448105151,-0.6629829277485391
0.02137704372134385,-0.005098036670235915,-0.44416120583391017,0.05366875888327622,-0.1439184589486831,-0.04257760641248487,-0.5583802177140618,0.009298707691069708,0.1254105689187002,0.07822120123457971,0.0309073827598933,0.7719465624711114,-0.7071532407029884,0.00315369904694888,0.0027222661977377967,-0.00036262961856013855,0.008830867233599242,-0.010940750073944175,-0.031262481074514174,0.16761130136332691,0.2510991163645248,-0.03845517774137704,0.055281228544154806,0.07844797814724656,-0.3619026708045781,-0.0779810795849405,0.10778571035244348,-0.6695890057907563
0.025606089355849147,-0.004253630865805546,-0.44451823935211343,0.051250610175145886,-0.14330068066536655,-0.0455952916750974,-0.566449675327481,0.036232686796875656,0.12434434186798851,0.07328797515517536,0.03370686457254121,0.7679967194743447,-0.7017350931490522,0.005289970857491383,0.003190326261870126,0.0008123642895442134,0.02211495807261132,-0.02128056541024955,-0.03174416448379437,0.167029746010452,0.25001927640777344,-0.03420347709577449,0.05604834233135551,0.07235924914513552,-0.35993023152583625,-0.0785972199483017,0.10838607571806112,-0.6576666374798038
0.014385337895727568,-0.008917458108042033,-0.44548314550117535,0.055767538635916034,-0.1463980154871747,-0.049982542272535437,-0.5639850584307691,0.04623525295245174,0.1293698415386864,0.061231376880389876,0.0426158197659141,0.762326113900782,-0.6955465372759821,0.01645172243386485,-0.019389787995112883,0.022003277233805116,0.022027576199602886,-0.025775588295312492,-0.03352698196520543,0.17000113270038394,0.2559695738750271,-0.038631511763014964,0.05683760746275046,0.0622903879574085,-0.3543312306822428,-0.07098654688497165,0.10161044108886112,-0.6532850626478993
-0.01701021988334095,-0.8128202398891774,-0.45699505392845297,0.10876927521310521,-0.054430714226683066,0.589275687109355,-0.8881316607831976,0.01753165484003118,0.006848352835042407,-0.0009794600942167678,-0.0002957622800929357,0.0026318781320649573,-0.00025889683592787455,0.24943784872996694,-0.09709446578559805,-0.03470215520460082,-0.7628659493247046,0.6952296469726506,-0.06320654058241457,0.1508278749290392,-0.04283554323194641,0.22651623373573854,0.05682382162615186,0.09284980842254882,-0.3773918109711598,-0.07604718806962399,0.1053475848203201,-0.6616640221153792
-0.03322299166565288,-0.06437495417772694,-0.4496877301146286,0.0538136247427432,-0.14258184225912188,-0.10983002007078457,-0.775165917594335,-0.011764065039255733,0.007574724201212621,-0.0023132893388608865,-0.0003626622504785444,-0.011555232671522662,0.014299212409200948,0.014881053588998949,-0.004699269568160221,-0.0002248530659341191,-0.026109870366080208,0.02900561416794577,-0.04203863641951353,0.16490313260901046,0.244164887782339,0.07663961296382571,0.053867271404973244,0.023281081544855687,-0.4350342346195915,-0.1606802458613513,0.18173904624313084,-0.2526867096095461
0.019151252891254154,-0.0026332360545551496,-0.44516886319606275,0.05195670700013688,-0.14199640178440334,-0.04582791848085492,-0.5608890195045229,0.004103228734597345,0.1202177994550413,0.07300459393890481,0.03545297554052805,0.7683522308958334,-0.7017525545813789,0.0001351700000407295,-8.227603315339264e-05,-0.0006071080271858239,-0.0002370822852561185,0.00011856295742445491,-0.03088451367340676,0.16528334835945815,0.24223813914447362,-0.03103671986990605,0.056041994156248345,0.07393563857052877,-0.360071783091803,-0.0745373931446314,0.1043628266930968,-0.6632443556869596
0.02087370501901879,-0.012310486530132541,-0.4483430207216595,0.05555628655105075,-0.14971797341957924,-0.049607463918338174,-0.5632248421947535,0.007339443058744482,0.12182995342512747,0.07333378028127983,0.031502654493046914,0.7661775572892661,-0.6989074088484812,0.0007341037870691332,0.0005972436417072847,-0.0026445289700806405,-0.004371497009603116,0.006450007390620312,-0.030705560465938996,0.1667987034718036,0.2526023937417565,-0.03455271519148761,0.05770203772167378,0.0721104363981155,-0.3641539015979023,-0.07910080666309247,0.11218283310307993,-0.6564257616507775
0.013291005392681634,-0.0029271827135109274,-0.4481552277345048,0.05410481228626875,-0.1475427267898231,-0.05099866635615209,-0.5634048562108306,0.006906131546716428,0.11647818710752719,0.07533821434864385,0.02525572754519755,0.7667012719986451,-0.6948662673499372,-0.00010456774943425794,0.0024400674909135734,-0.0019407129292589415,0.009475187444042096,-0.0058912318926772015,-0.030323156152692127,0.16528430557221896,0.2501690478737963,-0.03054183747446769,0.057902378126476084,0.07177509857719873,-0.3644087462041513,-0.081545016649465,0.11456146154865991,-0.6548426991348375
-0.007263072922565298,0.0034737659548985367,-0.4481560800158418,0.048748910661609315,-0.14405965320702094,-0.06798239623937694,-0.5566767641474267,0.05964870443176235,0.12042084898176436,0.07790295154892127,0.03327383638394744,0.7584921693030389,-0.6832225258844284,0.005753821839330228,0.0031380692934079215,0.0019250757280888338,0.04370415473959749,-0.038779140433427624,-0.03117141656307573,0.16742893659363572,0.24823533655451815,-0.028631327142109496,0.05669064541444078,0.07875770743228469,-0.36937565619796753,-0.0808179333619221,0.11102249508082235,-0.6479024536792318
-0.005237113724906237,0.022514930109797434,-0.4467291577372276,0.05083282886266144,-0.143181071535313,-0.09582308373453108,-0.7695992227541292,-0.010794575482306659,0.002342310569228092,0.00037739201322512265,0.00046320466808668726,0.00888397751555356,-0.007209823015295698,0.004610515693584157,0.0030969078418821737,-0.0016000589096846738,0.005575063257580578,-0.014159562149621382,-0.03903943663309828,0.1637573750964938,0.2396081263347291,0.07078959034301917,0.05343242265138429,0.027958353862915016,-0.43498457473864816,-0.16242342194189976,0.18305255876329635,-0.2692148164806328
-0.05672811832542369,-0.8069000752868093,-0.45335045219546416,0.0991173003669899,-0.06917565362413615,0.5426699265898233,-0.8747997618686805,0.04126630453533108,0.014563534471417275,-0.008807248845440199,-0.0038333485169551,-0.05842737907102158,0.06028577128158973,0.2348965001958056,-0.08924190915597292,-0.03070104326387027,-0.7558158366653642,0.6823395780782252,-0.05875213295108905,0.1528601594776152,-0.01433292052067872,0.20767257063258077,0.058709470900617663,0.08224034485768902,-0.38329138187803174,-0.09106137612295294,0.12309521546659657,-0.6230480730601663
0.019832144061536307,-0.006728155131263226,-0.4430333601906305,0.05293539714063692,-0.14301918010794792,-0.044395012819188645,-0.561316371049509,0.02386635255976611,0.12956311198205384,0.07341709547395277,0.03539961707196083,0.765791596423586,-0.7014883914491475,0.008745059492718033,-0.006532803970140132,0.01089987435271736,0.00575758181088761,-0.008096006169843729,-0.03110923346623657,0.16824503636138682,0.2549467397151382,-0.041636464050345115,0.05587937712378157,0.07429143181814742,-0.35991374885041755,-0.07586408137545438,0.10489872636033483,-0.6636892785505705
0.031249792942953714,-0.015328111641839648,-0.4409080699116835,0.054977108793078745,-0.14853275048679965,-0.03841414122562295,-0.5671699159365443,0.028463074541346688,0.11943568367320281,0.07223207674921986,0.033939611842123574,0.7653904281929708,-0.7017371592411278,0.0065495094815155724,0.003252275837748519,-0.00473770582907288,0.0151338105678503,-0.00875167375193296,-0.03262308826197051,0.17036113094762687,0.2481421618367922,-0.03676710658735333,0.05517720500533943,0.07435046945407671,-0.3616792770965618,-0.07826773302624919,0.11017021766761406,-0.6628790552150391
0.0033301147820606085,-0.029171361441217743,-0.4442026310989875,0.05576293788126555,-0.14825573401718892,-0.08120620970417097,-0.7743199466060686,0.01061151315165064,-0.00500642136903298,-0.004004382398494653,0.006342645133806106,0.003001721986227739,0.006116648179347642,0.005975379211612873,-0.00033602309432057806,-0.003580801258248414,-0.025306732003465244,0.017409915117616814,-0.03862275199047137,0.16231805877735647,0.23948325128407216,0.0692907835483613,0.05177666533382357,0.03202168510484198,-0.43563232156686005,-0.16595079082107045,0.18777659178340442,-0.28109937231985116
0.015798380385462694,-0.004282047576001338,-0.4432100792007368,0.04929620323639259,-0.141576401871591,-0.047062655753500465,-0.5598367561999154,-0.0005926096376413972,0.13084257056287132,0.07346557546833711,0.0344002998901616,0.7681373543959853,-0.7007671781124774,0.006654584899034463,-0.009369764176863193,0.005396754823321354,0.0027751577013627867,0.005289554271404212,-0.0266135872745022,0.16571585272324632,0.2524601338538691,-0.041585514277102165,0.06072826602570438,0.07708855034870421,-0.35866523408910017,-0.07865949999079842,0.10477989580593251,-0.6638206873964299
0.021013927615083177,0.0030365247748108865,-0.44478932350640626,0.0520665194539718,-0.14211823472902857,-0.04405015999170902,-0.5597289797525775,-0.000558266085986823,0.12260136341889476,0.07271411076470297,0.03557802474053921,0.7702271805151836,-0.704114916404218,-0.0012867700487500572,0.0001863224884017622,0.0021192803925551775,0.0034974206151357325,-0.003237428201608952,-0.030658963251718376,0.16606312733641143,0.24595814971073848,-0.034069645364148936,0.05621069342245791,0.0738864671405748,-0.35845272147424606,-0.07367943289934324,0.10291085609284135,-0.6667873662392837
-0.01585751320269418,-0.8140035614259952,-0.46346433474746346,0.10234560743178452,-0.05100993423784014,0.5906038039710049,-0.887067611993426,0.033627123629275855,0.0036306310136370126,-0.004922736913134016,-5.3782530160004365e-05,-0.010246628371114824,0.012524817364068113,0.25908267466045937,-0.08859721673704965,-0.040590956911984985,-0.7759259461739074,0.6973256229672126,-0.06185883802529332,0.14828175987957895,-0.049054056346516994,0.2298591098807459,0.05776259891207952,0.09009455644630494,-0.3749518912729021,-0.07361534587701281,0.10382510618327771,-0.6596089517335059
0.02258233998195172,-0.005097482164968541,-0.44399182921130287,0.055270672903282914,-0.14550555585028543,-0.04699870470348568,-0.5629827655430918,0.0065644598914356795,0.12171859314720608,0.079325939854452,0.02764432342098073,0.7654773768332861,-0.7009961738609739,-0.0008016500201228743,0.005556542608431614,-0.005826679157022998,0.0019148470848885978,-0.002395957420190568,-0.02998839338008903,0.16642985894664372,0.2490766110212486,-0.03591175644589019,0.05756792180541085,0.08218930453299825,-0.3667363395452501,-0.08646743098948982,0.11298214449217493,-0.6612645138141758
0.022092609191643277,-0.006263193026045083,-0.44172101054113994,0.05298504628314702,-0.14220988922993882,-0.0398441265544514,-0.5662997484935828,0.016815450709353863,0.1263793480561466,0.0805320541938509,0.027071082496401937,0.7631650538669156,-0.6988437110781416,0.0072494045851627525,-0.003959935194763,0.00590447616621747,0.010859583855701268,-0.005147308858160885,-0.02895502558267941,0.16552574974196665,0.2522134029856506,-0.03873407318004583,0.056523835756845185,0.08032033960368778,-0.3655951287512472,-0.08316087416597367,0.11105757511849614,-0.6621036236535061
-0.011335137312270647,-0.8146918515235753,-0.46623008295752544,0.10679888891484458,-0.051887398401766746,0.5853383922039409,-0.887487467121049,0.0059116938101728645,0.0058421233075569255,-0.00791527570773642,0.003862501224806497,-0.01366208874308783,0.015734361688602403,0.2638523750005979,-0.10131562819759898,-0.03577748666935523,-0.7660072773900054,0.699146284703598,-0.06084156051831754,0.14647664557772597,-0.05056368574673258,0.23224646220082837,0.06191885349625588,0.09109296438471154,-0.37596556229329353,-0.07449043047905426,0.10312914812916972,-0.6561751178557784
0.01687519472495756,-0.008341531563047105,-0.44401947415390003,0.05166585754371147,-0.14314346937796335,-0.052722515843099185,-0.5645197653392978,0.006721764130327125,0.11937421414070894,0.07327213485814996,0.029723404412745156,0.7613686556283185,-0.6944684752978091,0.0026449041895980708,-0.0009228044569345201,0.00022410257365157785,-0.002023481468351915,0.0022090057547548194,-0.03297726858394972,0.16845850823205633,0.24901520825251416,-0.03256032366630791,0.054586174345228854,0.07330241216426893,-0.36290025615018695,-0.0823238899501562,0.1110858244589043,-0.6526252522290633
0.0036453102011860345,-0.001162730476084529,-0.4475574076027072,0.053225110397554655,-0.14631641419470848,-0.05843620353285006,-0.5606426095670116,-0.006757035153959551,0.12321442423171387,0.07554318623155575,0.026300469336341673,0.7604536517808678,-0.6898166091292878,0.0033706588543610787,-0.005157663623390463,0.0053237197475059644,-0.008681709352414416,0.0037704245295006743,-0.029251468501341967,0.16521276406370286,0.2540587377006964,-0.03382952780374589,0.05907597267177054,0.07228161490250361,-0.3663181592800058,-0.08200363112021032,0.11451197320857673,-0.6511520315763544
0.014335583083531108,0.0160159087641457,-0.4440775079357151,0.04991895106350223,-0.1471631256990557,-0.06579190722560545,-0.5577863513112999,0.0025436384195996675,0.1236834039666532,0.07063674201925027,0.031669121815298,0.7675719899973902,-0.6988489774860341,-0.0034508271370586,0.0014126017144521007,0.0014322540930768561,0.013031991099659216,-0.01080632236009918,-0.030006326712134924,0.16868246509413937,0.25461380182407944,-0.03733109978420875,0.05521559127026803,0.07125867340037989,-0.3602936750286735,-0.08212705211478318,0.11122780198923073,-0.6544124020273056
0.007603772459735331,-0.020801362964137912,-0.44502823361042476,0.05575988736792606,-0.14214796634590648,-0.05069976897621728,-0.5600236784052512,0.025215072536718827,0.12018226493657592,0.06872559898920592,0.03237766751103887,0.7664038887866671,-0.6958277271893557,0.0044898632949143145,-0.00391825976777831,-0.00047989301596103,0.010586668176527897,-0.004734755805556102,-0.031945183182657474,0.16742325002547565,0.24487717444410922,-0.029635290023030447,0.05569254365749846,0.07118031794572263,-0.3618166722245832,-0.07831205584968667,0.10775870188687471,-0.6581719841974998
-0.9941955842536823,-0.9980756007210814,-0.9855486621387457,0.39739755619339384,0.06951779605889435,0.12653180770114597,-0.09234179510970031,0.9961437886357045,0.9809065042410704,-0.3875878863905908,-0.07478051890583873,-0.06260372575757955,-0.003442519490800951,0.9821784043649349,-0.39533829117498576,-0.07859923695599319,-0.130074407597538,0.05808692139921036,-0.39233452304717104,-0.0454367303058479,-0.07879662266320882,0.04829159015666991,0.08358908849267893,0.12263589026680519,-0.35618695031161246,-0.06237178679799021,0.09871195712667143,-0.6626268378442141
0.012862887202532165,-0.8121139670199713,-0.4807660992514175,0.09456467741089253,-0.03514363597917172,0.582844692833428,-0.8847441295124561,-0.019757539939488176,-0.003802133346221304,0.009662158690556746,-0.005902718091918947,0.020521067389509363,-0.019826365131728436,0.27862535825801465,-0.07609378498232097,-0.06549702385923958,-0.7571215189877045,0.6834756338368929,-0.05964020993184423,0.13930039414295922,-0.06323620598442488,0.24343037846301346,0.06972812318247035,0.0771151976221242,-0.36552949343757635,-0.057661647620341656,0.08564520890524263,-0.652400312741863
0.022367158666457148,-0.0005936178511123627,-0.4423579039255168,0.05380841821148634,-0.14386550715994798,-0.04292672423943441,-0.5613179101432566,0.007876527911756423,0.12479112635121664,0.07653209503278087,0.030551969460857083,0.7688632148047325,-0.7037666294001598,0.000707101596258825,0.0008619240243229538,-0.00043730008424131705,0.005969545731541924,-0.00496307164316754,-0.03208880885977654,0.169670083277608,0.25013072775543643,-0.03860796506692369,0.054611777036975,0.07713484478040974,-0.36219552687977835,-0.07983376512338096,0.10894386469400354,-0.665680573091343
0.01852542430061463,-0.003889461260900506,-0.4450941664317556,0.052440855091328904,-0.1445999149768358,-0.04995397358547267,-0.5667448928724722,0.001196288700070415,0.11856308207387337,0.07049057112374668,0.03182478039469528,0.7600829416133171,-0.6934711265345433,0.0006497978651101921,-0.0009938786465302704,-0.000260602896066805,-0.005577056868465822,0.004558958326816027,-0.03186704322215504,0.16726685975678157,0.24940621198038268,-0.03143421952583471,0.05624465382009401,0.07075107590137307,-0.3618624048681811,-0.08042098167983606,0.11075741683873776,-0.6519921915813619
-0.008317781611939534,-0.8133006587171706,-0.4571107028505773,0.10845725732470744,-0.058514754423333926,0.5916753134129724,-0.8875999369621197,0.015139020139651873,0.0065921876302183265,0.0004257330700268195,-0.0015909215657885856,0.007650252389719775,-0.005970275410630584,0.24945281980320183,-0.09772858920279598,-0.03537071973378127,-0.7686004096215289,0.699353049265588,-0.06256890265801819,0.15198438252900837,-0.044192197616889285,0.2242598550166243,0.05599877181253823,0.09354037166895371,-0.3781593840640885,-0.07608745137270652,0.1104220372310738,-0.6642569730479672
0.05908697341614376,-0.020031427098352622,-0.4438400207246958,0.050435711135065446,-0.146598770938454,-0.010960787326429067,-0.5583869062083896,0.07285276562847402,0.1287580847214447,0.08251295676827707,0.040089979132991886,0.7948479419791814,-0.7361262966863503,0.014370054150851252,0.0043864322618402864,0.0007335287137775718,0.05105697631068749,-0.04585444824599492,-0.029536591033240585,0.16818433246242478,0.24974639918703703,-0.044935339616268055,0.05520191373024374,0.08437584765712709,-0.353133068002643,-0.06517945165298761,0.09789980885414623,-0.6998314287067812
0.03300667416260097,0.026326813075617943,-0.4438101941069059,0.05754368231210477,-0.13632250009751026,-0.01968031790066178,-0.5752370819349574,-0.011485948156063911,0.11796488100152736,0.07536463291347247,0.03479118700332074,0.7659531546047116,-0.7005156993331684,-0.001583665224005161,0.0006314524218462747,-0.002183309164442444,0.016312057346384856,-0.014670820411319318,-0.03597783589847754,0.16017502588670365,0.23529433332168398,-0.02447972809498509,0.05961531630424309,0.07991021237878665,-0.3630774683129497,-0.06968712563085679,0.09884427453323366,-0.6690708699648732
-0.012897087430009052,-0.8138524289319476,-0.4659662631443419,0.1202599118002644,-0.056101264003711765,0.5924349614433441,-0.8886069258050254,0.012872349100755381,0.006455114328783136,-0.0013261107680209083,-0.00038861878230306865,-0.005923479831777693,0.009909769039530773,0.26007654816418563,-0.11833504818462279,-0.031106012502254355,-0.7780133115686043,0.7023519154443898,-0.06676525547364244,0.14931413632379756,-0.053178762152296444,0.2328568783835178,0.0633338408094544,0.10463382220223556,-0.3857305531305214,-0.07797487981171398,0.10522400587508468,-0.6641835505483946
-0.010109734257175795,-0.8127574054846269,-0.4713953890529554,0.11306121095020598,-0.04996798940769536,0.5818760937045119,-0.8852341410925451,0.005771840671826704,0.004874696463545899,-0.0015412232073100556,-0.003721706573603318,0.008486190634931442,-0.002141296121226385,0.26823946149093064,-0.10256471470272319,-0.039688964149126114,-0.7618191729961731,0.694002269928409,-0.06616302933853012,0.1463433630321316,-0.054344655238473275,0.23726545714751907,0.05788569785828466,0.09581840093348215,-0.38261157692778025,-0.07661364215557617,0.1033032071240712,-0.6564039655025535
0.003948062295148545,-0.03532213429074883,-0.4434581924820339,0.04844192718003822,-0.13960843659215452,-0.040235959698904276,-0.5568006362717178,0.03426364041308055,0.1290668950986515,0.06979426103595898,0.03427899538229287,0.7621989378497932,-0.694731110575869,0.010053796081173978,0.007079597559458451,-0.0034216727804611954,-0.0033490926900673077,-0.008366616381793063,-0.03027336661168586,0.1667325680247437,0.2511147515862608,-0.03907070432640972,0.05753134471982904,0.07241113628151395,-0.3573218921425585,-0.07575639147930026,0.10507085549096869,-0.6634556844244419
0.018978447125631886,0.0005469412634399519,-0.44474966720784975,0.05300030505033697,-0.14444154677065663,-0.04592979514354573,-0.5649186155724721,-0.006936536779336368,0.128096130553628,0.07396522468809737,0.027480416967551054,0.7644687061821523,-0.6993776159712475,-0.003443248979362683,-0.001985753786551594,0.002148250884572999,-0.007176049095902111,0.0057015865887644415,-0.034836006363196205,0.1752649319918474,0.2529756464085283,-0.03428586286061235,0.05828028056868093,0.07286809050946762,-0.36035692276750014,-0.08092648938346572,0.10834955866981905,-0.6589116586057608
0.0032790451066735944,-0.8137120625896709,-0.46714614986294306,0.10775373309553116,-0.053315541219961564,0.5821745973658439,-0.8838114149752648,0.0018064699680461803,0.011028000637336825,-0.004779439776127207,0.008034511922411428,0.028170646738107468,-0.026754040645812112,0.2598078391917476,-0.09813132759119662,-0.03760339670745724,-0.76310828600433,0.6946694824312235,-0.06081271444136931,0.14677067759858584,-0.050308842852974225,0.23256295816093212,0.06069800064963531,0.09648111276316311,-0.3800207622550175,-0.07998767939166422,0.10678369349278526,-0.6561056086333518
0.013288192754809016,-0.006801553564865151,-0.4449760710844681,0.05058603002690584,-0.14321682708264877,-0.05394733423124348,-0.5683471499707442,0.05425164611834252,0.12669801965575941,0.06476653277716554,0.0318354717530098,0.761163042193758,-0.6892788096955791,0.005202921430987461,0.004617745286970966,0.0012028750265674327,0.02636826367891482,-0.026574760207323547,-0.03196959409693454,0.16717637957148335,0.252580995323007,-0.03412758463547591,0.05596505199587623,0.06752172212153641,-0.35978064296750895,-0.08119176115276625,0.11189609932827645,-0.6460705226580606
-0.011382190287056993,-0.06621268283385966,-0.45094258566924217,0.06512326036427597,-0.11456496366765469,-0.08971370497706813,-0.5573283718472084,0.053472562433765414,0.13176309478504544,0.06574359440912947,0.019231011290672496,0.7685116233891117,-0.6853577814845415,0.023755740715850914,-0.01248917914032954,-0.021011763165938526,0.04342242266882726,0.003399181175862731,-0.036446782548460406,0.15751866793598646,0.2607650886372326,-0.03004950479286789,0.06112669645735201,0.06291613671717222,-0.3647762005674032,-0.09485612145409748,0.10574285252600406,-0.6376040920992438
0.017906645097441637,-0.0012282335860037798,-0.4438051048936084,0.051059040708128764,-0.1397729646294769,-0.049163885006645675,-0.5652809308193991,0.00028772260429467015,0.12031410070436455,0.06953282246515853,0.0338449566684597,0.7637675114308091,-0.6964916047046826,0.0001221315931928871,-0.0006660758414069228,0.0005871167955507215,-0.002190912787387075,0.0019455500785321665,-0.032509991177112355,0.16855207302826478,0.246449088135487,-0.03144162132597892,0.0560265877100019,0.06967360787266978,-0.35799105040737783,-0.07827265697342514,0.10529210767692763,-0.6557790528076117
0.020244020711565135,0.023749214678551463,-0.44095048132224635,0.050286676329487225,-0.13150625713286215,-0.0336288086727853,-0.5751623111773453,-0.031478947125794965,0.12451043815659257,0.06624168556952788,0.04631090075387292,0.7555724239475017,-0.6903029623276965,-0.008763703268646788,-0.000867820937897759,-9.778562744716658e-05,-0.011801176682141081,0.01042453718388581,-0.03211125233406735,0.16788521434156542,0.250146956032768,-0.032303486440194776,0.05703344280936306,0.06616126446510966,-0.35546771046851233,-0.06406775535301555,0.09299766036729389,-0.6542106677572794
0.02621477615680821,-0.010164260568059552,-0.44307482765299955,0.051447438623347955,-0.14495176638358756,-0.03955023633659844,-0.5708902766162849,0.023284233251982877,0.11793876043714681,0.07029442904325897,0.03500481381242761,0.7651350021914862,-0.6975550046529405,0.0027161644992908214,0.001973314482141039,0.0005846995611280156,0.001578091237692057,-0.0033738086246904177,-0.03264195336415336,0.16721707291980764,0.24615367570319605,-0.030510572064057873,0.05591007126999238,0.06879117598332564,-0.3585720824140942,-0.08034185668120879,0.1101802660144903,-0.6568568644197185
0.016450176398580235,0.0012545786300844203,-0.4450688518898324,0.05231730288634629,-0.14369458541179753,-0.04995591080095042,-0.5595360041288608,-0.0001848180192479078,0.13043994767255343,0.07684692462859921,0.030695033969212703,0.7682526451011341,-0.701563478740532,0.0016604868918634332,0.0018708705076733428,-0.002528766583120361,0.0028322704078022256,-0.0025925583642020713,-0.031593322251560405,0.16917784028224866,0.25488469234569516,-0.03998403058471369,0.05662442435355067,0.07419119272440537,-0.36224845851105025,-0.07604783842856082,0.10735607538931077,-0.6606520879057601
0.01780112689691391,-0.027631994384817872,-0.44586068517715055,0.053384054016514165,-0.14506560604102225,-0.03683040186776264,-0.5635617442910781,0.011911741074136171,0.118347956795582,0.07391209272757607,0.030193104292776603,0.7645877171424799,-0.6982157970421409,0.005253632937298717,-0.0011529523159206755,-0.0015961366910411377,-0.008270439610673532,0.009054784546490323,-0.030957673296042883,0.1660761561419107,0.24672866167042604,-0.03194624332327317,0.05736366323900957,0.07419131467298656,-0.3616959693260955,-0.0783109164263317,0.10992243230373745,-0.6634698505494109
-0.0051651175241147155,-0.015138708119170872,-0.44893984147450083,0.051147620011476096,-0.14306720621116925,-0.08155934867138755,-0.7712690185851077,-0.0030024426433700466,0.003131735432017028,2.5093150644752957e-05,1.6285433222421452e-05,0.015633844210735257,-0.007049929918537483,0.0010824367190377287,-0.00205078308607591,-0.001375777732697744,-0.011469290024299339,0.016474977916959673,-0.03957376543545362,0.1642490632203912,0.2381289836080859,0.07426851943182873,0.053413047396851154,0.030056999235380688,-0.4337358166742752,-0.16125030332416518,0.18199689405902386,-0.2791073070047046
0.014268715621809288,-0.0015128189673346605,-0.446213539906497,0.051936940702649155,-0.14299909262958316,-0.05015470448896194,-0.5576301438429386,0.0071640769070635026,0.12844267689956976,0.07275621494716172,0.03136027568883678,0.7708817583580904,-0.7015192466014247,-0.01641780651399483,0.003760417588846721,-0.009386126445420006,0.0006833136998681023,-0.003271122862017232,-0.02878357962098277,0.16003371735993516,0.2502844420165194,-0.0397022064883156,0.05735219939340911,0.07457893745377336,-0.360116018265612,-0.08164199441564045,0.10894529675016461,-0.6637782437617957
0.05057093659483153,-0.019469899203080065,-0.4407506946649721,0.05218332218638085,-0.14373089464421898,-0.02506231000137758,-0.5722155046107212,0.02616648568695407,0.11885173881664135,0.0794437970474809,0.03375099806399822,0.764563618962959,-0.7114263464431525,0.006153214703574923,-0.0017935873970331016,-0.00020317930629111452,0.015417026023178682,-0.0041694116208681525,-0.029976972904077623,0.16745925810736734,0.24746502138398593,-0.03743190275827014,0.056629113730718966,0.07746158294664272,-0.36054435322892403,-0.07687042203669259,0.1052856600745282,-0.6679765046122645
0.016885633306812437,-0.005388146487466905,-0.44363652634559075,0.05213034615059745,-0.1426843722270326,-0.04833593832563024,-0.5642897904596906,0.010225323571121745,0.1278582524271296,0.0727117543810446,0.03413053868782195,0.7639749679975296,-0.6958234954340269,0.001692310572189973,0.0001209694912469061,0.0014595729018486113,0.0018103229860450573,-0.002527314425714713,-0.031190175824070254,0.16876949078289585,0.2537516770602524,-0.03786745704986309,0.056259112531522236,0.07296950532807867,-0.3617238836445298,-0.07512351912745668,0.10630410494655772,-0.6566060465448328
0.006940526608086309,-0.8134209012175564,-0.45812088477066215,0.10987895469262651,-0.0532847173529859,0.5897167259223024,-0.8885951549635555,-0.008640370929682298,-0.0032462559338089403,0.0002267881796322913,2.2005963098873358e-05,-3.736845288076965e-05,6.857087271419071e-05,0.2503574432302447,-0.09890492460319598,-0.03743355743727911,-0.7680492853457047,0.6985218713670549,-0.06276049171254008,0.15034841343641298,-0.04354111218337475,0.2270804245130339,0.05723732354971343,0.09385904886275097,-0.378575331840667,-0.07472364093405603,0.1050280648258369,-0.660540062285276
0.03594649465069859,0.016452681383509356,-0.43915762867236824,0.05229037840611396,-0.1391097073083404,-0.03411499701015809,-0.5723453777148677,-0.03596120950088288,0.12717707880697843,0.07628466931019473,0.033644998947877036,0.7702640755604363,-0.7028538421475976,-0.007565676624212011,0.0014969401233731524,-0.003388629859875657,-0.003873184424528983,0.00631824595431948,-0.030982509562260837,0.16841978779809733,0.25317738312425747,-0.04017613988784357,0.05513029424047205,0.07561256716329716,-0.36022673537092714,-0.07593794795641992,0.1036557567473816,-0.6633641378727272
0.014725564097652103,-0.00957220151767639,-0.4411114282284619,0.046329777802794514,-0.15921231851686352,-0.03826486206894483,-0.5609315721610275,-0.007877907833806506,0.12905600630286898,0.06410283664140821,0.013960612604010549,0.7686470004006688,-0.6999107004613838,0.0019448649986887842,-0.0026624948161079252,-0.004245758600260919,-0.010549057794087845,0.010516743623536265,-0.028260232869825846,0.1757115545624173,0.24957853858644982,-0.04001877347791797,0.04421500448581045,0.07027852816213626,-0.35281989851795625,-0.08628664920746562,0.12431997878384528,-0.6688464596494083
-0.0006197243024329149,-0.004675429056780973,-0.4530279538327015,0.04903253615277351,-0.14450034799368264,-0.08863894100016306,-0.7678608564027977,-0.007484935481902429,0.0003822468959746075,-0.0017044458114120846,0.0009984572249313308,0.0019447450539744433,-0.00022716574818774658,0.0004775657401359774,-1.6019461041909003e-05,-0.0007266837764196769,-0.004881619558650918,0.003966123320451046,-0.03992500034980795,0.16376577560579572,0.2415649933044441,0.07456909635594304,0.05630338280246663,0.029453008479182894,-0.4339527786677453,-0.1619648738962238,0.18321680367542315,-0.27856905156085976
0.021031316229249686,-0.0031176962648398424,-0.44177191525727005,0.05226284242811535,-0.14286411501890903,-0.04465349789936314,-0.562963055783697,0.004570543239319896,0.1263410464352008,0.07212886002720653,0.03297756492652722,0.7673252748385199,-0.7006284037598193,-0.005002723345275135,0.0003083297815656732,-7.499600737871935e-05,-0.0023898788215531057,0.0034688505244596314,-0.030559949727186918,0.16722897110333226,0.25326183669913943,-0.040317606787642846,0.055730707866730456,0.07279247774103359,-0.3591422324599474,-0.07843346665063644,0.10728805037579295,-0.6624186443428434
-0.0045289558671322006,-0.81252106809353,-0.4605063920703963,0.11243107469724323,-0.05465978655781061,0.5938132848784885,-0.8900247622338823,0.003827257480805157,0.003972296850050591,-0.0013795153043484444,0.0017187547372459185,0.00569230000707493,-0.004668712209985992,0.2526902865043543,-0.09853770585048435,-0.0376852761440399,-0.7693229360684701,0.6972335778320393,-0.06505831774534729,0.14947618883467811,-0.05021707315870601,0.2325537306434755,0.05604385290425301,0.09731936179193201,-0.38260845891601963,-0.07846410024183287,0.10891546890039254,-0.6621796175223501
-0.0025194972314237893,-0.04096936295947217,-0.4444759793959783,0.050459694288149205,-0.13960575211864074,-0.05213000220497156,-0.5565038631810422,0.0344433918162498,0.13266565555193133,0.07143604573752005,0.033201190591440596,0.7600047504914227,-0.692381066669003,0.012585921441327357,0.00038222928391769593,-0.0004470103069347704,0.006691327996341239,-0.005298841576057258,-0.0314243237843068,0.1680259427408388,0.2553667753012337,-0.039229810058509985,0.05442373790442192,0.07239460375040076,-0.36060745462468513,-0.07863330070143945,0.10680056472271257,-0.6547360856701674
0.014919107600119545,0.016833615369760583,-0.44579474138748987,0.05179417465293056,-0.1389378699092849,-0.04797969633337622,-0.5619331825059676,0.0024836563245523137,0.12352901209888381,0.07194590654194125,0.03255793267458214,0.7649917982361927,-0.6975257502997088,-0.006905807381097875,6.126857328640115e-05,0.014692408251256993,0.005036730042706373,-0.00572682574674596,-0.03124328237242132,0.16611778640347566,0.24858005765877508,-0.03306641767439868,0.05705051843538408,0.07310617767677906,-0.36073190548032996,-0.07834493380953785,0.10702258222633773,-0.6586117083949685
0.016804567325994283,-0.0028849506926261806,-0.4439616195135595,0.05120879717346732,-0.14208568910888558,-0.05253945497894611,-0.5625781993491914,-0.007721814826675324,0.1328977148806426,0.07344200051266189,0.03732054891976828,0.7713940862269436,-0.701532010465762,-0.0003375066579181883,-0.0021333515449198826,0.0016016918172266238,-0.012598158738622953,0.00798402501585894,-0.029886692872753823,0.1675768546230996,0.2588575282424845,-0.04048734453410041,0.05791565561723849,0.06843734817269166,-0.35987971776326244,-0.07095348475552697,0.10273681561992484,-0.6550588412122356
-0.005484571238290337,-0.8168438430738667,-0.46150243017619413,0.10809590823048439,-0.0562728401555794,0.583001417401142,-0.8862771550755273,0.006678856982583757,0.009376319788919635,-0.020326798303294313,0.01342521204604658,0.002813231508456998,0.015560112982002397,0.25662080029582546,-0.1014239923151752,-0.03386565944807196,-0.7669300077078106,0.7008847007029791,-0.06399058316499445,0.1499633927904293,-0.04116273820810773,0.22933124785658088,0.057821725655471654,0.08777206953541455,-0.3802639383766301,-0.07516975973986216,0.10881002344708163,-0.6534082425899158
0.025059958842448448,-0.010282190254518929,-0.44656006650584695,0.05385354562793025,-0.1457592867190918,-0.0480589415338206,-0.5684804559603246,0.054866989203977125,0.121734036087726,0.07341320545738726,0.03135277954581124,0.764985003604654,-0.6965648374399136,0.01107684091678159,0.00047733625528251103,0.004246215149400929,0.026853304785297027,-0.02685565021439583,-0.030356614588693195,0.16590561878104199,0.2487059977894642,-0.030513475343281846,0.057550813020383125,0.07375736269052963,-0.3653248301215702,-0.0819523001530021,0.11318394844363029,-0.6532613841401903
-0.026722175150830595,-0.08149355726712926,-0.44935648462239386,0.04953067906528398,-0.14459882803812532,-0.07338054477234249,-0.5388305621152325,0.04475835039558821,0.1377069021233776,0.07027823043534324,0.031583863508583394,0.7570680867143879,-0.6896924778114997,0.021009378953777563,-0.0023233116837620546,-0.0005806507795148698,-0.012368585378300325,0.011785487629740804,-0.031443140070462595,0.16692144050865426,0.26013036685800583,-0.04231019526623077,0.05531318129796914,0.07155136129965992,-0.36268380627364744,-0.08045991072721914,0.11143809658782523,-0.6515181938194585
0.01771601431497534,-0.8176133794898766,-0.4834695788858149,0.1175032375655633,-0.05205759259646826,0.5930815389875975,-0.8882017713644677,-0.023775584410249056,-0.005852838048158181,0.0023119121673163563,-7.6621282355881e-05,0.005437035641454646,-0.006926646822217205,0.28624245478710497,-0.10877603548655339,-0.03570585528394398,-0.7669118942371721,0.6989929958656423,-0.0697560627453652,0.14607723673298154,-0.0767611220432032,0.25407721317445675,0.05747016358262288,0.10151028514802427,-0.38364329450041673,-0.07686019629701735,0.10505653480820733,-0.6629445941365015
-0.0070947479075708425,-0.8155079987530408,-0.457309491313871,0.11150422173800328,-0.05350505704552265,0.5889206122543041,-0.8879445960682416,0.01383093965918839,-0.0018521482425929514,-0.0016412771158795811,0.004359711829889667,0.004565015348798514,-0.005123356096529921,0.2534685458053315,-0.09962305976716974,-0.03881768139423845,-0.769423809900752,0.700101457271979,-0.06289031608438292,0.14919750887082003,-0.04478472490747964,0.22569521093116265,0.055792553656572666,0.09436629994089832,-0.38000754580328483,-0.07502739087194413,0.10657015969778458,-0.6591426912144805
-0.03854778138250276,0.03686852363107399,-0.4536866026013566,0.050961174979159335,-0.1473662596026587,-0.09102674219672979,-0.559311658758846,0.08253922364744896,0.11452001903937946,0.07576258403923036,0.02080938109290115,0.7248977258912797,-0.6558179376023504,0.0016462928852823966,0.00547993854185397,0.003535702195813348,0.06637152293526465,-0.05938895904179031,-0.03060227278835793,0.16537518954997588,0.24786484664377872,-0.01996671479818905,0.05688366405959192,0.07470026512227564,-0.3770387413588543,-0.09603405568878534,0.12457271768879567,-0.6175452163579846
-0.016060655687732555,-0.8108801264061336,-0.478745434407194,0.12020519574034141,-0.05638989261270307,0.5881835361679804,-0.8870733864741679,0.013993154898206355,0.02371038640773227,-0.018136632984341733,0.012529255677571238,-0.010246643621092703,0.009820973714397335,0.27911864624556865,-0.12286770097628182,-0.027650706354296565,-0.7667446651502056,0.6965320767685272,-0.0528404311014919,0.13939573216327303,-0.06315222966066736,0.24422532755044338,0.06623308505114603,0.11067738837676731,-0.3925060236791198,-0.08169140302205243,0.1094884818141581,-0.6620035336935123
0.01485442503100071,-0.012884308313990463,-0.44284875231007703,0.05352895055735334,-0.14537859975084974,-0.05593853058928281,-0.557593839819739,-0.0009407301031629559,0.13135218606676916,0.07483416403956994,0.0320227809157817,0.76669543743051,-0.7006740773532195,0.006376223015230508,0.003014010373543198,-0.004152187267840325,-0.008067102477361544,0.0070126416929783796,-0.032819255539750104,0.16882572837636178,0.2626178896250784,-0.044362032149557126,0.05700811681942973,0.07574292772837499,-0.36255057663593615,-0.07921797475098971,0.1086251356499208,-0.66006493743299
0.005112793948709314,-0.8095982850186607,-0.47319687825274576,0.1056145747415409,-0.05929996135144337,0.5618722418368751,-0.880566488425442,-0.0007812563401647498,0.006163848820115716,0.0014854896140127556,-0.0004923649732660945,0.019322485939599617,-0.015349461515385441,0.2675704037982216,-0.09592709680301827,-0.03435026895775095,-0.7601430784335985,0.6858906283961811,-0.06296451856757498,0.14711157124741317,-0.046421151384768426,0.23359579643476397,0.055846891561191735,0.08923946284077408,-0.3849286192141329,-0.08504018269535915,0.11494269319917146,-0.6326962123069896
0.00829542744132535,0.008556267667119378,-0.44454422366994634,0.05207982611256227,-0.14292477948612342,-0.05087121054144594,-0.5630591161471994,0.01035587443164409,0.1253476663228806,0.07432877412054767,0.0316476868537826,0.7623432558437259,-0.6919487169675462,0.001019958184918178,-0.0019830149315682105,0.0012542411426972853,0.009547848657111932,-0.010959377013564593,-0.030742565264002878,0.16765485658886284,0.25316896777166714,-0.03569609646851175,0.05614783708326382,0.07030142210179995,-0.3620079736432539,-0.0794241129638772,0.1091742489012233,-0.655076547953662
0.019707388743528734,-0.015454233532449162,-0.4445899859496997,0.05567641019262193,-0.1442310521905489,-0.03549691179592946,-0.5661112921586955,0.011012606377545527,0.11145960831134248,0.08489244115517208,0.017761258536664087,0.7658856051650436,-0.6982582637845425,-0.0025554716275974316,0.006030174414981448,-0.006970233533789781,-0.0037636592364512825,0.002839611864173538,-0.031702466590145244,0.16570143108873198,0.23921678127688353,-0.025407795137466736,0.05449474400508166,0.08372463935936687,-0.3692376815840364,-0.08809130681576552,0.11859439496816775,-0.6657877497974569
-0.0218248459556019,-0.8099805802665709,-0.46245059701470925,0.11905434947577152,-0.06127844532846536,0.5821036306330136,-0.8894333223123914,0.042398876786092464,0.005252763959227956,0.0027685033184269704,-0.0035010290492308717,-0.01207889222621374,0.007506462795967455,0.25252565898411505,-0.10803245083453268,-0.03066338105199252,-0.768292566299861,0.7003386984941096,-0.07030775282065223,0.1541234566864744,-0.04458289392881726,0.23202398801775603,0.05385361980690249,0.1009287635715113,-0.38702569364825656,-0.08199215850725226,0.11248193841088078,-0.6553373670032983
0.010162042738710332,-0.02228888192669658,-0.44465512954899894,0.05190812486503658,-0.143461920211892,-0.051555794166588495,-0.5598205940066516,-0.033644482067252915,0.12529447112979253,0.07518885388289931,0.02948692204890166,0.767348858649714,-0.6972280941281975,0.009740281227245818,-0.011352686460242263,0.00893766737426126,-0.038389935478692586,0.029013296489673882,-0.027698738839957052,0.16421023388451264,0.2556810506857521,-0.037718503933927026,0.06031267292051515,0.07137357624159726,-0.36156931542101634,-0.07550771849504834,0.10830803124854546,-0.6613557397285879
0.2528603402181719,-0.21925018275891356,-0.4169597665379543,0.07019197528307819,-0.1303024942647616,0.13415686220989534,-0.7062887320860943,-0.9853942148938621,0.06272260940698687,0.0735439614975055,0.03740778747451608,0.7740483448663371,-0.7018591173578285,-0.08395759504075889,-0.06331815493864526,-0.04932311057739425,-0.7575157214349073,0.6643818496061349,-0.037664636497887684,0.16771788943776028,0.20373787349659345,0.006844695373951872,0.053352675930749376,0.0736938700803991,-0.3621398331052178,-0.07251282007890238,0.10516464185619126,-0.6635377437026614
0.023692345889907613,0.0006538735363474952,-0.44113732291317714,0.05181421458611278,-0.14506452927521826,-0.03928832146817524,-0.557879232238006,0.01048795344233728,0.12733443687436655,0.07714393735027199,0.03747222324514259,0.7727894005504786,-0.7076849553737099,0.007179150683272593,-8.163459977887168e-05,-0.0025021320382141556,0.017156756516291782,-0.015745618260830457,-0.027982174603419393,0.17241366796582364,0.2528519075794509,-0.04242530229411819,0.053828254906517506,0.07692626115430501,-0.35856114012720985,-0.07418777176899413,0.103583017274478,-0.6742988873441698
0.009688865221882568,0.0023362276174928253,-0.44535715512487756,0.04954101463197987,-0.14362601143258208,-0.05348960541138657,-0.5578673682052894,0.001290306581606365,0.1234941893296468,0.06997577839592459,0.033525415522563655,0.7635213115117584,-0.6965217129812535,-0.002546401535211805,-0.004311062599344891,0.0046397810726826185,-0.003926582785277306,0.008387244282491485,-0.030800526683126536,0.16776333524272619,0.24889450445553776,-0.03451942806934616,0.05633753346952022,0.0705867129676452,-0.35873545519234895,-0.080615255969747,0.10971877790244837,-0.6582037848967164
0.006788122048421701,0.023510209143772567,-0.4432746296603024,0.05164120304193988,-0.14312233282046333,-0.052587038545136466,-0.5570557826163461,-0.005677843617260574,0.13232228821278486,0.07328975309000108,0.03250733868319523,0.7649281645915972,-0.6983560272616973,-0.009572826611644202,0.0009589076261523628,0.0008029226772245323,0.0069215605914509665,-0.004772172620324042,-0.030054990036873876,0.16892610677304648,0.25639027325600616,-0.03857731214150196,0.056010296227715646,0.07441913808687804,-0.3613515784363589,-0.07951548479404098,0.10791954530724718,-0.6604686473789648
0.000818432120713365,-0.8153570839146538,-0.47375301612007137,0.11610416902063413,-0.05397539893104672,0.5916947769108493,-0.8885400919511409,0.0011417235720266503,0.00037624902359145414,0.0009254667460035366,-0.00017036549289143498,0.005654253349667543,-0.0031088159795101423,0.27182590127667333,-0.10582719166949586,-0.036463088545502335,-0.76990849863569,0.6995626613559361,-0.07065011485219132,0.15020532717998103,-0.06233467526487647,0.24351264945735857,0.05157527247177188,0.10100176680361901,-0.38437904613479895,-0.07742600440810625,0.10773451593763177,-0.6613524478767748
0.022319060669183138,-0.0037204297168157373,-0.4445142943172762,0.05543970596896213,-0.14118343392398738,-0.04298902547608275,-0.5717663920472025,-0.033172037682972395,0.12519302031729398,0.0669652156093198,0.028658611605648216,0.7758519330509285,-0.6956443350375593,-0.00027001854619184833,-0.005491490539190715,-0.0028247679862828403,-0.014308991225466666,0.020683823696359526,-0.03285561879038087,0.1665955086139954,0.24829524957731092,-0.031057664637048257,0.05626704317021107,0.0722000309806904,-0.3615749036278884,-0.07992759722271596,0.10913137655630643,-0.6565058264583152
-0.0016293946209939326,-0.04185035265971052,-0.44432352949297566,0.05250282073463071,-0.14163681514850138,-0.04591800121154962,-0.5641703368370157,-0.043936719363346526,0.1311147422550047,0.07340543917804356,0.03083226037547812,0.7529457095832888,-0.6852228105025601,0.0006040269847534781,-0.002408624337512742,-0.006280815786788378,-0.05241929179593799,0.04958727143208819,-0.03030694428983857,0.16665040580785712,0.25326800301290187,-0.036119605169905936,0.05611364421132001,0.07453783190973003,-0.36431408229070267,-0.08084354459532081,0.11026510875621992,-0.6536285757724459
0.01730778201930289,0.0018712025583543638,-0.44354455001821924,0.052061713816754854,-0.14263441216106354,-0.04709451011364167,-0.5544566336036466,-0.005102880666932235,0.12627418000248672,0.0758050611735829,0.03183678180871838,0.7700002319769623,-0.7060070969731767,-0.0016426653722759086,-0.0007472972773229366,-9.806154022099863e-05,-0.009020043981150333,0.007270850978559065,-0.030510300015728884,0.16729977248281655,0.24671995058356472,-0.03832693279412918,0.05630844706056209,0.07719309387731565,-0.35969493702876065,-0.07811881686249852,0.10697702287769158,-0.6709167691381904
0.014389963467483129,-0.02249249927579252,-0.4452271753597,0.0526401557356172,-0.14381523549857783,-0.04461603528590833,-0.5645530044506447,0.010323293570878517,0.12134856822922166,0.07252574418614167,0.03108091256045132,0.7595493161646625,-0.6935862269645531,0.004271458758236423,-0.0011612595736537673,-0.001965909364221872,-0.006004549908585588,0.00865556209052446,-0.031112772466464197,0.16657641187548083,0.2504171175190132,-0.033114500764862,0.056568563043627236,0.07301452687083301,-0.3625891415832169,-0.07955168720109597,0.11045910119248199,-0.6568695838283264
-0.011944094989946122,-0.8208614526983296,-0.46717765674968587,0.11518444771148365,-0.05292920213800159,0.606003807341551,-0.8929979171163193,0.015959166381585788,0.004235981187336911,-0.0012911124352548938,-0.00042765417817382766,-0.0100889308450298,0.009433356294537608,0.2660420991336558,-0.10587808303408851,-0.03571938030820195,-0.7806714023128347,0.7126065286761225,-0.06635302554482217,0.1482320843724211,-0.061985864701027335,0.24000533192093465,0.059972510380698035,0.09796358077498973,-0.3782835971162651,-0.07266240345792906,0.10266152534078381,-0.6730628644881135
0.0036405910550542085,0.03231080170669512,-0.4430645995828361,0.051940115210844066,-0.14292973976051426,-0.05429089077739984,-0.555015404629439,-0.027133203823704516,0.1247698726443461,0.0699879699958641,0.03276401526957803,0.7672040292411845,-0.6973178217605519,-0.0062842159759619156,0.0026284064602496507,0.0005482265947030681,-0.013337281886350619,0.0035875561742560458,-0.02973014917609502,0.1699238195168521,0.2475144840698247,-0.03478987580153491,0.05535807282525587,0.07222331234313985,-0.35962450131960416,-0.0779010522784694,0.10808357680305512,-0.6601348754530609
0.013978401463360615,-0.008418308469254792,-0.44391188364261364,0.050331427631533684,-0.14290176818446498,-0.055724451585629976,-0.5628079206074575,0.0010103589588706563,0.12235286698488669,0.07193258112722438,0.03157065664796354,0.7642316665162177,-0.6955862650243045,0.003288507654500737,-0.004372740066125668,0.0016233813062105974,-0.012917108067411932,0.008847520191806601,-0.03180633611351819,0.1678042613272204,0.2519319952214127,-0.034898809967283825,0.05542060369219477,0.07153558506768473,-0.36111112241886406,-0.0803061861389569,0.10956376206672885,-0.6528662379597325
0.019897158560541365,-0.003942337583317516,-0.44252231228481337,0.05295915125000443,-0.14210799307017835,-0.04238437310409085,-0.5623327506703972,-0.002088123386235717,0.1232223403187409,0.07840264569189076,0.027565317517578253,0.7681820094816975,-0.7015142974764045,0.005178748321177167,-0.006135979521658971,0.0079199903990438,-0.016898011908808935,0.008152528468860205,-0.031045302857436598,0.16744797543348725,0.25000381767014623,-0.03767672435610122,0.055031435964559484,0.0778923521594538,-0.36261494940978933,-0.08066873190040562,0.10909605333435632,-0.6645287070912722
0.021719060763615242,0.0005526638874261906,-0.4433062695374768,0.05344955528704219,-0.14352061441345998,-0.04387366441998769,-0.5635628656541959,0.0030787345392642453,0.11482581363329067,0.07338916580573134,0.02906580873436443,0.7635248338498482,-0.6994191869798833,-0.010402419121447543,-0.006390228510638776,0.0026401438048840905,-0.016861209225132658,0.006771940487374249,-0.030694514631236663,0.165870525419493,0.2489028927184922,-0.033199716170933355,0.05530283777523396,0.07569446005141443,-0.36189035398695096,-0.08086934124228734,0.11057690602971972,-0.6617285845313295
-0.02643855025443925,-0.8156605553817814,-0.4522872800514575,0.10594546967512632,-0.0579922273124339,0.5985106854211866,-0.890279033295523,0.03100178044551409,-0.016567988593515458,-0.013602995119276835,0.025682526873131585,-0.015898823773210547,0.035398704684996334,0.23733454067917767,-0.09811506562356342,-0.034112578306651604,-0.7713546906294244,0.7059133725688927,-0.0685075389263132,0.17015798267512278,-0.029247525512079105,0.22770827949449957,0.06224682993101741,0.09681569670290069,-0.37264047862499244,-0.07873700228097613,0.10339550151663515,-0.6744646761268538
-0.009569864280868133,-0.05892203942715656,-0.4490928579002753,0.05064392106644891,-0.1444885700725269,-0.11463766935865298,-0.7668152452686439,0.01628981437034345,-0.00045140682799452023,-0.00010077412447396818,0.00048456815672574187,0.030303534896992106,-0.0064244573625976565,0.0030370842750437124,-0.0061083573769317775,-0.0013678595543022956,-0.027362863369848698,0.05093864084699862,-0.0402338101780922,0.16473445647189727,0.24623460570899888,0.07162990846815206,0.054138413820248574,0.02605750453947688,-0.43608060408626476,-0.16462549293982678,0.18450762426723272,-0.256302069717668
0.011158704966908371,0.006947957627591131,-0.44335120033864944,0.05088990140051846,-0.14311362368896982,-0.04162056500661046,-0.5576742273426882,0.0026212176189792658,0.13168974598830743,0.07420689926861969,0.03273220420169674,0.7706270425530669,-0.6990892178582191,-0.0013337076787615693,0.0015157488178334639,0.00016139614699002655,-0.0022005543372556266,-0.0039043411848163345,-0.02982036980337825,0.16724485546302598,0.2545569270987928,-0.04279431367036778,0.05670100172556645,0.07691572049145784,-0.36024614192461024,-0.07650986547234936,0.10634809373076093,-0.6700233472600762
0.027340255515668405,0.0005378619281021112,-0.44611488591630827,0.05542579927080227,-0.14643116350603624,-0.04053285466224557,-0.572928539907024,-0.026857269517974503,0.11257863480463512,0.06998434583421265,0.031200468531546406,0.7585028046176282,-0.6937247497619133,-0.004177086407166999,-0.0018304232529132972,-0.0011145152365567596,-0.019686778463752195,0.017122036459782997,-0.03126367285727771,0.16581909530909883,0.24464962502152046,-0.027288195617232582,0.058052674562399105,0.07045815787319873,-0.36131685514424905,-0.08003385736189235,0.1104858950616804,-0.6538713050503488
-9.76120892209927e-05,-0.017800800012413832,-0.4509880776437154,0.05107778249559687,-0.14392152708375833,-0.09419362625801193,-0.7695444495703826,-7.267067496166622e-05,-0.0007440187991811111,-0.00042552895758357135,-0.0001955460147301843,-0.006905241134876921,0.005658682520272356,0.003432709220168729,-0.001280053522312657,-0.0004591252833680281,-0.015194972858466486,0.012385334353912135,-0.0399539829419555,0.1650322079838879,0.2411489559428257,0.07396696110936139,0.05375199818233234,0.027905388253103815,-0.43464450835175894,-0.1613996544017699,0.18323721851258423,-0.2709004618651496
